1,1678,Spider-Man (Peter Parker),\/Spider-Man_(Peter_Parker),Secret Identity,Good Characters,Hazel Eyes,Brown Hair,Male Characters,,Living Characters,4043,Aug-62,1962
2,7139,Captain America (Steven Rogers),\/Captain_America_(Steven_Rogers),Public Identity,Good Characters,Blue Eyes,White Hair,Male Characters,,Living Characters,3360,Mar-41,1941
4,1868,Iron Man (Anthony \Tony\ Stark),\/Iron_Man_(Anthony_%22Tony%22_Stark),Public Identity,Good Characters,Blue Eyes,Black Hair,Male Characters,,Living Characters,2961,Mar-63,1963
5,2460,Thor (Thor Odinson),\/Thor_(Thor_Odinson),No Dual Identity,Good Characters,Blue Eyes,Blond Hair,Male Characters,,Living Characters,2258,Nov-50,1950
6,2458,Benjamin Grimm (Earth-616),\/Benjamin_Grimm_(Earth-616),Public Identity,Good Characters,Blue Eyes,No Hair,Male Characters,,Living Characters,2255,Nov-61,1961
7,2166,Reed Richards (Earth-616),\/Reed_Richards_(Earth-616),Public Identity,Good Characters,Brown Eyes,Brown Hair,Male Characters,,Living Characters,2072,Nov-61,1961
8,1833,Hulk (Robert Bruce Banner),\/Hulk_(Robert_Bruce_Banner),Public Identity,Good Characters,Brown Eyes,Brown Hair,Male Characters,,Living Characters,2017,May-62,1962
10,1837,Jonathan Storm (Earth-616),\/Jonathan_Storm_(Earth-616),Public Identity,Good Characters,Blue Eyes,Blond Hair,Male Characters,,Living Characters,1934,Nov-61,1961
11,15725,Henry McCoy (Earth-616),\/Henry_McCoy_(Earth-616),Public Identity,Good Characters,Blue Eyes,Blue Hair,Male Characters,,Living Characters,1825,Sep-63,1963
12,1863,Susan Storm (Earth-616),\/Susan_Storm_(Earth-616),Public Identity,Good Characters,Blue Eyes,Blond Hair,Female Characters,,Living Characters,1713,Nov-61,1961
14,2614,Ororo Munroe (Earth-616),\/Ororo_Munroe_(Earth-616),Public Identity,Good Characters,Blue Eyes,White Hair,Female Characters,,Living Characters,1512,May-75,1975
15,1803,Clinton Barton (Earth-616),\/Clinton_Barton_(Earth-616),Public Identity,Good Characters,Blue Eyes,Blond Hair,Male Characters,,Living Characters,1394,Sep-64,1964
16,1396,Matthew Murdock (Earth-616),\/Matthew_Murdock_(Earth-616),Public Identity,Good Characters,Blue Eyes,Red Hair,Male Characters,,Living Characters,1338,Apr-64,1964
17,55534,Stephen Strange (Earth-616),\/Stephen_Strange_(Earth-616),Public Identity,Good Characters,Grey Eyes,Black Hair,Male Characters,,Living Characters,1307,Jul-63,1963
18,1978,Mary Jane Watson (Earth-616),\/Mary_Jane_Watson_(Earth-616),No Dual Identity,Good Characters,Green Eyes,Red Hair,Female Characters,,Living Characters,1304,Jun-65,1965
20,35350,Robert Drake (Earth-616),\/Robert_Drake_(Earth-616),Secret Identity,Good Characters,Brown Eyes,Brown Hair,Male Characters,,Living Characters,1265,Sep-63,1963
21,1557,Henry Pym (Earth-616),\/Henry_Pym_(Earth-616),Public Identity,Good Characters,Blue Eyes,Blond Hair,Male Characters,,Living Characters,1237,Jan-62,1962
22,65255,Charles Xavier (Earth-616),\/Charles_Xavier_(Earth-616),Public Identity,Good Characters,Blue Eyes,Bald,Male Characters,,Deceased Characters,1233,Sep-63,1963
23,1073,Warren Worthington III (Earth-616),\/Warren_Worthington_III_(Earth-616),Public Identity,Good Characters,Blue Eyes,Blond Hair,Male Characters,,Living Characters,1230,Sep-63,1963
24,1346,Piotr Rasputin (Earth-616),\/Piotr_Rasputin_(Earth-616),Secret Identity,Good Characters,Blue Eyes,Black Hair,Male Characters,,Living Characters,1162,May-75,1975
25,2512,Wanda Maximoff (Earth-616),\/Wanda_Maximoff_(Earth-616),Public Identity,Good Characters,Green Eyes,Brown Hair,Female Characters,,Living Characters,1161,Mar-64,1964
27,1976,Janet van Dyne (Earth-616),\/Janet_van_Dyne_(Earth-616),Public Identity,Good Characters,Blue Eyes,Auburn Hair,Female Characters,,Living Characters,1120,Jun-63,1963
28,65219,Jean Grey (Earth-616),\/Jean_Grey_(Earth-616),Public Identity,Good Characters,Green Eyes,Red Hair,Female Characters,,Deceased Characters,1107,Sep-63,1963
29,6545,Natalia Romanova (Earth-616),\/Natalia_Romanova_(Earth-616),Public Identity,Good Characters,Green Eyes,Red Hair,Female Characters,Bisexual Characters,Living Characters,1050,Apr-64,1964
30,2223,Kurt Wagner (Earth-616),\/Kurt_Wagner_(Earth-616),Secret Identity,Good Characters,Yellow Eyes,Blue Hair,Male Characters,,Living Characters,1047,May-75,1975
31,2414,Vision (Earth-616),\/Vision_(Earth-616),Secret Identity,Good Characters,Gold Eyes,No Hair,Male Characters,,Living Characters,1007,Oct-68,1968
32,8650,May Reilly (Earth-616),\/May_Reilly_(Earth-616),No Dual Identity,Good Characters,Blue Eyes,Grey Hair,Female Characters,,Living Characters,1000,Aug-62,1962
33,2527,Katherine Pryde (Earth-616),\/Katherine_Pryde_(Earth-616),Secret Identity,Good Characters,Hazel Eyes,Brown Hair,Female Characters,,Living Characters,886,Jan-80,1980
34,1970,Carol Danvers (Earth-616),\/Carol_Danvers_(Earth-616),Public Identity,Good Characters,Blue Eyes,Blond Hair,Female Characters,,Living Characters,881,Mar-68,1968
35,37690,Jennifer Walters (Earth-616),\/Jennifer_Walters_(Earth-616),Public Identity,Good Characters,Green Eyes,Brown Hair,Female Characters,,Living Characters,881,Feb-80,1980
38,1265,Luke Cage (Earth-616),\/Luke_Cage_(Earth-616),No Dual Identity,Good Characters,Brown Eyes,Black Hair,Male Characters,,Living Characters,856,Jun-72,1972
39,1677,Rogue (Anna Marie) (Earth-616),\/Rogue_(Anna_Marie)_(Earth-616),Secret Identity,Good Characters,Green Eyes,Auburn Hair,Female Characters,,Living Characters,850,,
41,6537,Joseph Robertson (Earth-616),\/Joseph_Robertson_(Earth-616),No Dual Identity,Good Characters,Brown Eyes,White Hair,Male Characters,,Living Characters,752,Aug-67,1967
42,1592,Pietro Maximoff (Earth-616),\/Pietro_Maximoff_(Earth-616),Public Identity,Good Characters,Blue Eyes,Silver Hair,Male Characters,,Living Characters,740,Mar-64,1964
43,1818,Hercules (Earth-616),\/Hercules_(Earth-616),No Dual Identity,Good Characters,Blue Eyes,Brown Hair,Male Characters,Bisexual Characters,Living Characters,725,Oct-65,1965
47,2556,Norrin Radd (Earth-616),\/Norrin_Radd_(Earth-616),Public Identity,Good Characters,Blue Eyes,Bald,Male Characters,,Living Characters,696,Mar-66,1966
49,8651,Eugene Thompson (Earth-616),\/Eugene_Thompson_(Earth-616),Secret Identity,Good Characters,Blue Eyes,Strawberry Blond Hair,Male Characters,,Living Characters,689,Aug-62,1962
50,2009,Simon Williams (Earth-616),\/Simon_Williams_(Earth-616),Public Identity,Good Characters,Red Eyes,Grey Hair,Male Characters,,Living Characters,686,Oct-64,1964
51,1276,Samuel Guthrie (Earth-616),\/Samuel_Guthrie_(Earth-616),Secret Identity,Good Characters,Blue Eyes,Blond Hair,Male Characters,,Living Characters,657,Nov-82,1982
52,15823,James Buchanan Barnes (Earth-616),\/James_Buchanan_Barnes_(Earth-616),Secret Identity,Good Characters,Brown Eyes,Brown Hair,Male Characters,,Living Characters,641,Mar-41,1941
53,1680,Remy LeBeau (Earth-616),\/Remy_LeBeau_(Earth-616),Secret Identity,Good Characters,Black Eyeballs,Brown Hair,Male Characters,,Living Characters,636,Jul-90,1990
54,1866,Daniel Rand (Earth-616),\/Daniel_Rand_(Earth-616),Secret Identity,Good Characters,Blue Eyes,Blond Hair,Male Characters,,Living Characters,618,May-74,1974
56,1772,Elizabeth Brant (Earth-616),\/Elizabeth_Brant_(Earth-616),No Dual Identity,Good Characters,Brown Eyes,Brown Hair,Female Characters,,Living Characters,599,Sep-63,1963
57,1896,Richard Jones (Earth-616),\/Richard_Jones_(Earth-616),Secret Identity,Good Characters,Brown Eyes,Brown Hair,Male Characters,,Living Characters,590,May-62,1962
58,1496,Edwin Jarvis (Earth-616),\/Edwin_Jarvis_(Earth-616),No Dual Identity,Good Characters,Blue Eyes,White Hair,Male Characters,,Living Characters,567,Nov-64,1964
59,1802,Alexander Summers (Earth-616),\/Alexander_Summers_(Earth-616),Public Identity,Good Characters,Blue Eyes,Blond Hair,Male Characters,,Living Characters,558,Mar-69,1969
60,1811,Patricia Walker (Earth-616),\/Patricia_Walker_(Earth-616),Secret Identity,Good Characters,Blue Eyes,Red Hair,Female Characters,,Living Characters,550,Nov-44,1944
61,1836,Human Torch (Android) (Earth-616),\/Human_Torch_(Android)_(Earth-616),Public Identity,Good Characters,Blue Eyes,Blond Hair,Male Characters,,Living Characters,548,Oct-39,1939
63,1643,Franklin Nelson (Earth-616),\/Franklin_Nelson_(Earth-616),No Dual Identity,Good Characters,Blue Eyes,Bald,Male Characters,,Living Characters,528,Apr-64,1964
64,1285,Brian Braddock (Earth-616),\/Brian_Braddock_(Earth-616),Public Identity,Good Characters,Blue Eyes,Blond Hair,Male Characters,,Living Characters,528,Oct-76,1976
66,6194,James Rhodes (Earth-616),\/James_Rhodes_(Earth-616),Secret Identity,Good Characters,Brown Eyes,Brown Hair,Male Characters,,Living Characters,525,Jan-79,1979
67,1487,Timothy Dugan (Earth-616),\/Timothy_Dugan_(Earth-616),Public Identity,Good Characters,Blue Eyes,Red Hair,Male Characters,,Deceased Characters,517,May-63,1963
68,1380,Crystalia Amaquelin (Earth-616),\/Crystalia_Amaquelin_(Earth-616),Public Identity,Good Characters,Green Eyes,Strawberry Blond Hair,Female Characters,,Living Characters,512,Dec-65,1965
69,1613,Samuel Wilson (Earth-616),\/Samuel_Wilson_(Earth-616),Public Identity,Good Characters,Brown Eyes,Black Hair,Male Characters,,Living Characters,512,Sep-69,1969
73,1187,Dane Whitman (Earth-616),\/Dane_Whitman_(Earth-616),Secret Identity,Good Characters,Brown Eyes,Brown Hair,Male Characters,,Living Characters,478,Dec-67,1967
74,1741,Harold Osborn (Earth-616),\/Harold_Osborn_(Earth-616),No Dual Identity,Good Characters,Blue Eyes,Brown Hair,Male Characters,,Living Characters,474,Dec-65,1965
75,68416,Franklin Richards (Earth-616),\/Franklin_Richards_(Earth-616),No Dual Identity,Good Characters,Blue Eyes,Blond Hair,Male Characters,,Living Characters,473,Nov-68,1968
76,2589,Jessica Drew (Earth-616),\/Jessica_Drew_(Earth-616),Secret Identity,Good Characters,Green Eyes,Auburn Hair,Female Characters,,Living Characters,471,Feb-77,1977
77,2626,Roberto da Costa (Earth-616),\/Roberto_da_Costa_(Earth-616),Secret Identity,Good Characters,Brown Eyes,Black Hair,Male Characters,,Living Characters,464,Nov-82,1982
78,2007,Rahne Sinclair (Earth-616),\/Rahne_Sinclair_(Earth-616),Secret Identity,Good Characters,Green Eyes,Red Hair,Female Characters,,Living Characters,448,Nov-82,1982
79,1130,Elizabeth Ross (Earth-616),\/Elizabeth_Ross_(Earth-616),Public Identity,Good Characters,Blue Eyes,Black Hair,Female Characters,,Living Characters,446,May-62,1962
80,2278,Lorna Dane (Earth-616),\/Lorna_Dane_(Earth-616),Secret Identity,Good Characters,Green Eyes,Green Hair,Female Characters,,Living Characters,433,Oct-68,1968
82,1705,Johnathon Blaze (Earth-616),\/Johnathon_Blaze_(Earth-616),Secret Identity,Good Characters,Blue Eyes,Reddish Blond Hair,Male Characters,,Living Characters,426,Aug-72,1972
83,2550,Sif (Earth-616),\/Sif_(Earth-616),No Dual Identity,Good Characters,Blue Eyes,Black Hair,Female Characters,,Living Characters,422,Mar-64,1964
85,1900,Jubilation Lee (Earth-616),\/Jubilation_Lee_(Earth-616),Secret Identity,Good Characters,Brown Eyes,Black Hair,Female Characters,,Living Characters,408,May-89,1989
86,2420,Volstagg (Earth-616),\/Volstagg_(Earth-616),Public Identity,Good Characters,Blue Eyes,Red Hair,Male Characters,,Living Characters,406,Aug-65,1965
87,1127,Balder Odinson (Earth-616),\/Balder_Odinson_(Earth-616),Secret Identity,Good Characters,Blue Eyes,Brown Hair,Male Characters,,Deceased Characters,403,Oct-62,1962
89,1395,Danielle Moonstar (Earth-616),\/Danielle_Moonstar_(Earth-616),Secret Identity,Good Characters,Brown Eyes,Black Hair,Female Characters,,Living Characters,388,Nov-82,1982
90,2183,Marc Spector (Earth-616),\/Marc_Spector_(Earth-616),Secret Identity,Good Characters,Brown Eyes,Brown Hair,Male Characters,,Living Characters,387,Aug-75,1975
91,1782,Gwendolyne Stacy (Earth-616),\/Gwendolyne_Stacy_(Earth-616),No Dual Identity,Good Characters,Blue Eyes,Blond Hair,Female Characters,,Deceased Characters,384,Dec-65,1965
92,2137,Medusalith Amaquelin (Earth-616),\/Medusalith_Amaquelin_(Earth-616),Public Identity,Good Characters,Green Eyes,Red Hair,Female Characters,,Living Characters,382,Mar-65,1965
96,1616,Fandral (Earth-616),\/Fandral_(Earth-616),Secret Identity,Good Characters,Blue Eyes,Blond Hair,Male Characters,,Deceased Characters,375,Aug-65,1965
98,2487,Thomas Raymond (Earth-616),\/Thomas_Raymond_(Earth-616),Secret Identity,Good Characters,Blue Eyes,Black Hair,Male Characters,,Living Characters,373,Sep-40,1940
99,1572,Uatu (Earth-616),\/Uatu_(Earth-616),Public Identity,Good Characters,Blue Eyes,Bald,Male Characters,,Deceased Characters,373,Apr-63,1963
100,2239,Richard Rider (Earth-616),\/Richard_Rider_(Earth-616),Public Identity,Good Characters,Brown Eyes,Brown Hair,Male Characters,,Deceased Characters,373,Sep-76,1976
101,1827,Hogun (Earth-616),\/Hogun_(Earth-616),Public Identity,Good Characters,Grey Eyes,Black Hair,Male Characters,,Living Characters,371,Aug-65,1965
103,2173,Barbara Morse (Earth-616),\/Barbara_Morse_(Earth-616),Secret Identity,Good Characters,Blue Eyes,Blond Hair,Female Characters,,Living Characters,368,Jun-71,1971
104,1179,Blackagar Boltagon (Earth-616),\/Blackagar_Boltagon_(Earth-616),No Dual Identity,Good Characters,Blue Eyes,Black Hair,Male Characters,,Living Characters,366,Dec-65,1965
105,2392,Brunnhilde (Earth-616),\/Brunnhilde_(Earth-616),Secret Identity,Good Characters,Blue Eyes,Blond Hair,Female Characters,,Living Characters,361,Dec-70,1970
106,1404,Alison Blaire (Earth-616),\/Alison_Blaire_(Earth-616),Public Identity,Good Characters,Blue Eyes,Strawberry Blond Hair,Female Characters,,Living Characters,353,Feb-80,1980
108,1586,John Walker (Earth-616),\/John_Walker_(Earth-616),Secret Identity,Good Characters,Blue Eyes,Blond Hair,Male Characters,,Living Characters,346,Nov-86,1986
109,2440,Greer Grant (Earth-616),\/Greer_Grant_(Earth-616),Public Identity,Good Characters,Green Eyes,Black Hair,Female Characters,,Living Characters,342,Nov-72,1972
112,1300,Sharon Carter (Earth-616),\/Sharon_Carter_(Earth-616),Public Identity,Good Characters,Blue Eyes,Blond Hair,Female Characters,,Living Characters,332,Mar-66,1966
115,37751,Monica Rambeau (Earth-616),\/Monica_Rambeau_(Earth-616),Secret Identity,Good Characters,Brown Eyes,Black Hair,Female Characters,,Living Characters,327,,
116,20978,Maria Hill (Earth-616),\/Maria_Hill_(Earth-616),No Dual Identity,Good Characters,Brown Eyes,Black Hair,Female Characters,,Living Characters,325,Apr-05,2005
117,1161,Ben Urich (Earth-616),\/Ben_Urich_(Earth-616),No Dual Identity,Good Characters,Brown Eyes,Brown Hair,Male Characters,,Living Characters,324,Jul-78,1978
118,2182,Heather Douglas (Earth-616),\/Heather_Douglas_(Earth-616),Secret Identity,Good Characters,Blue Eyes,Bald,Female Characters,Bisexual Characters,Living Characters,323,Jan-73,1973
120,1973,James Proudstar (Earth-616),\/James_Proudstar_(Earth-616),Secret Identity,Good Characters,Brown Eyes,Black Hair,Male Characters,,Living Characters,320,Jun-84,1984
121,1633,Angelica Jones (Earth-616),\/Angelica_Jones_(Earth-616),Known to Authorities Identity,Good Characters,Green Eyes,Red Hair,Female Characters,,Living Characters,319,May-85,1985
125,7630,Tabitha Smith (Earth-616),\/Tabitha_Smith_(Earth-616),Secret Identity,Good Characters,Blue Eyes,Blond Hair,Female Characters,,Living Characters,316,Nov-85,1985
126,2238,Jean-Paul Beaubier (Earth-616),\/Jean-Paul_Beaubier_(Earth-616),Secret Identity,Good Characters,Blue Eyes,Black Hair,Male Characters,Homosexual Characters,Living Characters,313,Apr-79,1979
128,1460,Neena Thurman (Earth-616),\/Neena_Thurman_(Earth-616),Secret Identity,Good Characters,Blue Eyes,Black Hair,Female Characters,,Living Characters,310,Mar-92,1992
129,2010,Wong (Earth-616),\/Wong_(Earth-616),No Dual Identity,Good Characters,Brown Eyes,Bald,Male Characters,,Living Characters,306,Jul-63,1963
131,15282,Shang-Chi (Earth-616),\/Shang-Chi_(Earth-616),No Dual Identity,Good Characters,Brown Eyes,Black Hair,Male Characters,,Living Characters,296,Dec-73,1973
132,4704,Alicia Masters (Earth-616),\/Alicia_Masters_(Earth-616),No Dual Identity,Good Characters,Brown Eyes,Strawberry Blond Hair,Female Characters,,Living Characters,293,Nov-62,1962
133,5708,Robert Baldwin (Earth-616),\/Robert_Baldwin_(Earth-616),Secret Identity,Good Characters,Blue Eyes,Blond Hair,Male Characters,,Living Characters,293,Sep-88,1988
134,1902,Vance Astrovik (Earth-616),\/Vance_Astrovik_(Earth-616),Public Identity,Good Characters,Hazel Eyes,Brown Hair,Male Characters,,Living Characters,290,Jul-75,1975
135,6633,Wendell Vaughn (Earth-616),\/Wendell_Vaughn_(Earth-616),Secret Identity,Good Characters,Blue Eyes,Blond Hair,Male Characters,,Living Characters,290,Jan-78,1978
137,4565,Abner Jenkins (Earth-616),\/Abner_Jenkins_(Earth-616),Public Identity,Good Characters,Brown Eyes,Brown Hair,Male Characters,,Living Characters,284,Aug-64,1964
140,119507,Forge (Earth-616),\/Forge_(Earth-616),Public Identity,Good Characters,Brown Eyes,Black Hair,Male Characters,,Living Characters,276,Aug-84,1984
141,9106,Virginia Potts (Earth-616),\/Virginia_Potts_(Earth-616),No Dual Identity,Good Characters,Green Eyes,Red Hair,Female Characters,,Living Characters,274,Sep-63,1963
142,2383,Walter Langkowski (Earth-616),\/Walter_Langkowski_(Earth-616),Secret Identity,Good Characters,Blue Eyes,Blond Hair,Male Characters,,Living Characters,273,Apr-79,1979
143,1733,Gorgon (Earth-616),\/Gorgon_(Earth-616),Secret Identity,Good Characters,Brown Eyes,Brown Hair,Male Characters,,Living Characters,272,Nov-65,1965
144,37689,James Madrox (Earth-616),\/James_Madrox_(Earth-616),Public Identity,Good Characters,Brown Eyes,Brown Hair,Male Characters,,Living Characters,271,Feb-75,1975
145,1808,Heimdall (Earth-616),\/Heimdall_(Earth-616),Secret Identity,Good Characters,Grey Eyes,Brown Hair,Male Characters,,Living Characters,270,Oct-62,1962
146,2558,Theresa Cassidy (Earth-616),\/Theresa_Cassidy_(Earth-616),Secret Identity,Good Characters,Green Eyes,Red Hair,Female Characters,,Living Characters,267,Apr-81,1981
147,1565,Laura Kinney (Earth-616),\/Laura_Kinney_(Earth-616),Secret Identity,Good Characters,Green Eyes,Black Hair,Female Characters,,Living Characters,265,Feb-04,2004
148,33447,Arthur Douglas (Earth-616),\/Arthur_Douglas_(Earth-616),Secret Identity,Good Characters,Blue Eyes,Brown Hair,Male Characters,,Living Characters,264,Feb-73,1973
149,2511,Peter Parker (Ben Reilly) (Earth-616),\/Peter_Parker_(Ben_Reilly)_(Earth-616),Secret Identity,Good Characters,Hazel Eyes,Blond Hair,Male Characters,,Deceased Characters,263,Oct-75,1975
150,1971,Warlock (Technarch) (Earth-616),\/Warlock_(Technarch)_(Earth-616),Secret Identity,Good Characters,Black Eyes,No Hair,Male Characters,,Living Characters,261,Aug-84,1984
151,1903,Kevin Plunder (Earth-616),\/Kevin_Plunder_(Earth-616),Public Identity,Good Characters,Blue Eyes,Blond Hair,Male Characters,,Living Characters,260,Mar-65,1965
152,1445,Leonard Samson (Earth-616),\/Leonard_Samson_(Earth-616),Public Identity,Good Characters,Brown Eyes,Green Hair,Male Characters,,Deceased Characters,260,Jul-71,1971
153,2582,Melissa Gold (Earth-616),\/Melissa_Gold_(Earth-616),Secret Identity,Good Characters,Green Eyes,Blond Hair,Female Characters,,Living Characters,260,Aug-79,1979
154,2037,Lockheed (Earth-616),\/Lockheed_(Earth-616),Secret Identity,Good Characters,,No Hair,Male Characters,,Living Characters,260,Feb-83,1983
155,1935,Mercedes Knight (Earth-616),\/Mercedes_Knight_(Earth-616),Public Identity,Good Characters,Brown Eyes,Black Hair,Female Characters,,Living Characters,259,Mar-72,1972
156,2060,Moira Kinross (Earth-616),\/Moira_Kinross_(Earth-616),No Dual Identity,Good Characters,Blue Eyes,Brown Hair,Female Characters,,Deceased Characters,259,Dec-75,1975
157,1915,Karnak (Earth-616),\/Karnak_(Earth-616),Secret Identity,Good Characters,Blue Eyes,Black Hair,Male Characters,,Deceased Characters,257,Dec-65,1965
158,2204,Namorita Prentiss (Earth-616),\/Namorita_Prentiss_(Earth-616),Public Identity,Good Characters,Blue Eyes,Blond Hair,Female Characters,,Deceased Characters,257,Jun-72,1972
159,2038,Lockjaw (Earth-616),\/Lockjaw_(Earth-616),Secret Identity,Good Characters,Brown Eyes,Brown Hair,Male Characters,,Living Characters,255,Dec-65,1965
160,1029,Adam Warlock (Earth-616),\/Adam_Warlock_(Earth-616),No Dual Identity,Good Characters,White Eyes,Gold Hair,Male Characters,,Living Characters,252,Sep-67,1967
163,2097,Theodore Sallis (Earth-616),\/Theodore_Sallis_(Earth-616),Secret Identity,Good Characters,Red Eyes,No Hair,Male Characters,,Living Characters,249,May-71,1971
166,1335,Clea (Earth-616),\/Clea_(Earth-616),No Dual Identity,Good Characters,Blue Eyes,White Hair,Female Characters,,Living Characters,247,Nov-64,1964
167,1289,Mar-Vell (Earth-616),\/Mar-Vell_(Earth-616),Public Identity,Good Characters,Blue Eyes,Blond Hair,Male Characters,,Deceased Characters,245,Dec-67,1967
168,2309,Eugene Judd (Earth-616),\/Eugene_Judd_(Earth-616),Public Identity,Good Characters,Brown Eyes,Bald,Male Characters,,Living Characters,245,Aug-83,1983
170,76396,John Jonah Jameson III (Earth-616),\/John_Jonah_Jameson_III_(Earth-616),No Dual Identity,Good Characters,Brown Eyes,Auburn Hair,Male Characters,,Living Characters,240,Mar-63,1963
171,2497,Triton (Earth-616),\/Triton_(Earth-616),No Dual Identity,Good Characters,Green Eyes,No Hair,Male Characters,,Living Characters,240,Dec-65,1965
172,2138,Meggan Puceanu (Earth-616),\/Meggan_Puceanu_(Earth-616),Secret Identity,Good Characters,,,Female Characters,,Living Characters,240,Dec-83,1983
175,15903,Santo Vaccarro (Earth-616),\/Santo_Vaccarro_(Earth-616),Secret Identity,Good Characters,White Eyes,No Hair,Male Characters,,Living Characters,238,Sep-03,2003
176,2335,Jonathan Clay (Earth-616),\/Jonathan_Clay_(Earth-616),Secret Identity,Good Characters,Blue Eyes,Red Hair,Male Characters,Homosexual Characters,Living Characters,237,Aug-60,1960
178,2523,Sersi (Earth-616),\/Sersi_(Earth-616),Secret Identity,Good Characters,Blue Eyes,Black Hair,Female Characters,,Living Characters,236,Sep-76,1976
180,1533,Zabu (Earth-616),\/Zabu_(Earth-616),Public Identity,Good Characters,Green Eyes,Orange Hair,Male Characters,,Living Characters,234,Mar-65,1965
182,2353,Julio Richter (Earth-616),\/Julio_Richter_(Earth-616),Secret Identity,Good Characters,Brown Eyes,Brown Hair,Male Characters,Homosexual Characters,Living Characters,231,Jun-87,1987
184,15907,Megan Gwynn (Earth-616),\/Megan_Gwynn_(Earth-616),Public Identity,Good Characters,Black Eyeballs,Pink Hair,Female Characters,,Living Characters,229,Nov-04,2004
185,2724,Kyle Richmond (Earth-616),\/Kyle_Richmond_(Earth-616),Secret Identity,Good Characters,Brown Eyes,Auburn Hair,Male Characters,,Living Characters,227,Oct-69,1969
186,1911,Karen Page (Earth-616),\/Karen_Page_(Earth-616),No Dual Identity,Good Characters,Blue Eyes,Blond Hair,Female Characters,,Deceased Characters,226,Apr-64,1964
187,1336,Tyrone Johnson (Earth-616),\/Tyrone_Johnson_(Earth-616),Secret Identity,Good Characters,Brown Eyes,Black Hair,Male Characters,,Living Characters,226,Mar-82,1982
189,1356,Valerie Cooper (Earth-616),\/Valerie_Cooper_(Earth-616),Public Identity,Good Characters,Blue Eyes,Blond Hair,Female Characters,,Living Characters,225,Dec-83,1983
190,8844,Anna May (Earth-616),\/Anna_May_(Earth-616),No Dual Identity,Good Characters,Blue Eyes,White Hair,Female Characters,,Living Characters,224,Aug-64,1964
192,1389,Tandy Bowen (Earth-616),\/Tandy_Bowen_(Earth-616),Secret Identity,Good Characters,Blue Eyes,Blond Hair,Female Characters,,Living Characters,222,Mar-82,1982
193,2054,Monet St. Croix (Earth-616),\/Monet_St._Croix_(Earth-616),No Dual Identity,Good Characters,Brown Eyes,Black Hair,Female Characters,,Living Characters,221,Nov-94,1994
195,10174,Amara Aquilla (Earth-616),\/Amara_Aquilla_(Earth-616),Secret Identity,Good Characters,Blue Eyes,Blond Hair,Female Characters,,Living Characters,217,Oct-83,1983
196,2590,Julia Carpenter (Earth-616),\/Julia_Carpenter_(Earth-616),Secret Identity,Good Characters,Blue Eyes,Strawberry Blond Hair,Female Characters,,Living Characters,212,Oct-84,1984
197,1654,Jane Foster (Earth-616),\/Jane_Foster_(Earth-616),No Dual Identity,Good Characters,Blue Eyes,Brown Hair,Female Characters,,Living Characters,211,Sep-62,1962
199,1080,Scott Lang (Earth-616),\/Scott_Lang_(Earth-616),Public Identity,Good Characters,Blue Eyes,Strawberry Blond Hair,Male Characters,,Living Characters,209,Mar-79,1979
200,1840,Paige Guthrie (Earth-616),\/Paige_Guthrie_(Earth-616),Secret Identity,Good Characters,Blue Eyes,Blond Hair,Female Characters,,Living Characters,207,Nov-84,1984
201,8648,Benjamin Parker (Earth-616),\/Benjamin_Parker_(Earth-616),No Dual Identity,Good Characters,Blue Eyes,Brown Hair,Male Characters,,Deceased Characters,205,Aug-62,1962
202,1117,Erik Josten (Earth-616),\/Erik_Josten_(Earth-616),Secret Identity,Good Characters,Brown Eyes,Red Hair,Male Characters,,Living Characters,204,Oct-65,1965
203,1122,Jeanne-Marie Beaubier (Earth-616),\/Jeanne-Marie_Beaubier_(Earth-616),Secret Identity,Good Characters,Blue Eyes,Black Hair,Female Characters,,Living Characters,203,Apr-79,1979
206,2528,Michael Twoyoungmen (Earth-616),\/Michael_Twoyoungmen_(Earth-616),Public Identity,Good Characters,Brown Eyes,Black Hair,Male Characters,,Living Characters,200,Apr-79,1979
207,119275,Hope Summers (Earth-616),\/Hope_Summers_(Earth-616),Secret Identity,Good Characters,Green Eyes,Red Hair,Female Characters,,Living Characters,200,Jan-08,2008
208,2470,Eric Masterson (Earth-616),\/Eric_Masterson_(Earth-616),Secret Identity,Good Characters,Blue Eyes,Blond Hair,Male Characters,,Deceased Characters,198,May-88,1988
209,1544,Alexander Power (Earth-616),\/Alexander_Power_(Earth-616),Secret Identity,Good Characters,Blue Eyes,Blond Hair,Male Characters,,Living Characters,197,Aug-84,1984
210,2501,Matthew Hawk (Earth-616),\/Matthew_Hawk_(Earth-616),Secret Identity,Good Characters,Blue Eyes,Brown Hair,Male Characters,,Deceased Characters,195,Nov-62,1962
211,1888,Jessica Jones (Earth-616),\/Jessica_Jones_(Earth-616),No Dual Identity,Good Characters,Brown Eyes,Brown Hair,Female Characters,,Living Characters,195,Sep-63,1963
213,1204,Eric Brooks (Earth-616),\/Eric_Brooks_(Earth-616),Public Identity,Good Characters,Brown Eyes,Black Hair,Male Characters,,Living Characters,194,Jul-73,1973
214,1523,Eros (Earth-616),\/Eros_(Earth-616),Public Identity,Good Characters,Blue Eyes,Red Hair,Male Characters,,Living Characters,193,Feb-73,1973
215,1232,Madison Jeffries (Earth-616),\/Madison_Jeffries_(Earth-616),No Dual Identity,Good Characters,Brown Eyes,Black Hair,Male Characters,,Living Characters,193,Aug-83,1983
220,1315,Jonothon Starsmore (Earth-616),\/Jonothon_Starsmore_(Earth-616),Secret Identity,Good Characters,Brown Eyes,Brown Hair,Male Characters,,Living Characters,187,Nov-94,1994
222,15901,Victor Borkowski (Earth-616),\/Victor_Borkowski_(Earth-616),Secret Identity,Good Characters,Brown Eyes,Black Hair,Male Characters,Homosexual Characters,Living Characters,184,Aug-03,2003
225,1386,Douglas Ramsey (Earth-616),\/Douglas_Ramsey_(Earth-616),Secret Identity,Good Characters,Blue Eyes,Blond Hair,Male Characters,,Living Characters,181,Mar-84,1984
228,39324,Julian Keller (Earth-616),\/Julian_Keller_(Earth-616),Public Identity,Good Characters,Blue Eyes,Black Hair,Male Characters,,Living Characters,179,Aug-03,2003
229,1981,Jack Russell (Earth-616),\/Jack_Russell_(Earth-616),Secret Identity,Good Characters,Blue Eyes,Red Hair,Male Characters,,Living Characters,178,Feb-72,1972
230,39972,Celeste Cuckoo (Earth-616),\/Celeste_Cuckoo_(Earth-616),Secret Identity,Good Characters,Blue Eyes,Blond Hair,Female Characters,,Living Characters,177,Nov-01,2001
233,1344,Colleen Wing (Earth-616),\/Colleen_Wing_(Earth-616),Public Identity,Good Characters,Blue Eyes,Auburn Hair,Female Characters,,Living Characters,175,Nov-74,1974
234,57563,Irma Cuckoo (Earth-616),\/Irma_Cuckoo_(Earth-616),Secret Identity,Good Characters,Blue Eyes,Black Hair,Female Characters,,Living Characters,175,Nov-01,2001
236,57564,Phoebe Cuckoo (Earth-616),\/Phoebe_Cuckoo_(Earth-616),Secret Identity,Good Characters,Blue Eyes,Blond Hair,Female Characters,,Living Characters,174,Nov-01,2001
237,2376,Sage (Earth-616),\/Sage_(Earth-616),Secret Identity,Good Characters,Blue Eyes,Black Hair,Female Characters,,Living Characters,172,Apr-80,1980
238,2115,Valeria Richards (Earth-616),\/Valeria_Richards_(Earth-616),No Dual Identity,Good Characters,Blue Eyes,Blond Hair,Female Characters,,Living Characters,171,Feb-02,2002
239,194870,Donald Blake (Earth-616),\/Donald_Blake_(Earth-616),No Dual Identity,Good Characters,Blue Eyes,Blond Hair,Male Characters,,Living Characters,170,Aug-62,1962
241,2024,Lilandra Neramani (Earth-616),\/Lilandra_Neramani_(Earth-616),No Dual Identity,Good Characters,Orange Eyes,Black Hair,Female Characters,,Deceased Characters,170,Feb-76,1976
243,4877,Dwayne Taylor (Earth-616),\/Dwayne_Taylor_(Earth-616),Secret Identity,Good Characters,Brown Eyes,Black Hair,Male Characters,,Deceased Characters,169,Dec-89,1989
244,7975,Harold Hogan (Earth-616),\/Harold_Hogan_(Earth-616),No Dual Identity,Good Characters,Brown Eyes,Brown Hair,Male Characters,,Deceased Characters,166,Sep-63,1963
246,1399,Christopher Powell (Earth-616),\/Christopher_Powell_(Earth-616),Secret Identity,Good Characters,Brown Eyes,Brown Hair,Male Characters,,Living Characters,165,Mar-91,1991
250,2271,Pip Gofern (Earth-616),\/Pip_Gofern_(Earth-616),Secret Identity,Good Characters,Green Eyes,Red Hair,Male Characters,,Living Characters,163,Apr-75,1975
253,1756,James Hudson (Earth-616),\/James_Hudson_(Earth-616),Secret Identity,Good Characters,Brown Eyes,Black Hair,Male Characters,,Living Characters,161,Feb-78,1978
257,2624,Shiro Yoshida (Earth-616),\/Shiro_Yoshida_(Earth-616),Public Identity,Good Characters,Black Eyes,Black Hair,Male Characters,,Living Characters,158,Jan-70,1970
258,2554,Silver Sablinova (Earth-616),\/Silver_Sablinova_(Earth-616),Secret Identity,Good Characters,Blue Eyes,Silver Hair,Female Characters,,Deceased Characters,158,Jun-85,1985
259,5398,Elvin Haliday (Earth-616),\/Elvin_Haliday_(Earth-616),Secret Identity,Good Characters,Brown Eyes,Bald,Male Characters,,Living Characters,158,Nov-90,1990
260,25255,James Bradley (Earth-616),\/James_Bradley_(Earth-616),Secret Identity,Good Characters,Blue Eyes,Black Hair,Male Characters,,Living Characters,158,,
263,2105,Mantis (Earth-616),\/Mantis_(Earth-616),Secret Identity,Good Characters,Green Eyes,Black Hair,Female Characters,,Living Characters,156,Jun-73,1973
264,1057,Marlene Alraune (Earth-616),\/Marlene_Alraune_(Earth-616),No Dual Identity,Good Characters,Blue Eyes,Blond Hair,Female Characters,,Living Characters,156,Jun-76,1976
265,1435,Rachel Leighton (Earth-616),\/Rachel_Leighton_(Earth-616),Secret Identity,Good Characters,Green Eyes,Brown Hair,Female Characters,,Living Characters,156,Oct-85,1985
268,1450,Anthony Druid (Earth-616),\/Anthony_Druid_(Earth-616),Public Identity,Good Characters,Green Eyes,Black Hair,Male Characters,,Deceased Characters,153,Jun-61,1961
269,68280,Cassandra Lang (Earth-616),\/Cassandra_Lang_(Earth-616),Public Identity,Good Characters,Blue Eyes,Blond Hair,Female Characters,,Deceased Characters,153,Apr-79,1979
270,1163,Beta Ray Bill (Earth-616),\/Beta_Ray_Bill_(Earth-616),No Dual Identity,Good Characters,White Eyes,No Hair,Male Characters,,Living Characters,153,Nov-83,1983
272,1961,Leech (Earth-616),\/Leech_(Earth-616),Secret Identity,Good Characters,White Eyes,No Hair,Male Characters,,Living Characters,152,Mar-84,1984
274,15209,Bug (Earth-616),\/Bug_(Earth-616),Public Identity,Good Characters,Yellow Eyes,Green Hair,Male Characters,,Living Characters,151,Jan-79,1979
276,2023,Julie Power (Earth-616),\/Julie_Power_(Earth-616),Secret Identity,Good Characters,Blue Eyes,Strawberry Blond Hair,Female Characters,Pansexual Characters,Living Characters,150,Aug-84,1984
278,41613,Robert Ralston (Earth-616),\/Robert_Ralston_(Earth-616),No Dual Identity,Good Characters,Blue Eyes,Blond Hair,Male Characters,,Deceased Characters,148,May-63,1963
280,1287,Genis-Vell (Earth-616),\/Genis-Vell_(Earth-616),Public Identity,Good Characters,Blue Eyes,Blond Hair,Male Characters,,Deceased Characters,147,Oct-93,1993
281,16501,Hisako Ichiki (Earth-616),\/Hisako_Ichiki_(Earth-616),Secret Identity,Good Characters,Black Eyes,Black Hair,Female Characters,,Living Characters,147,Oct-04,2004
284,2058,X-51 (Earth-616),\/X-51_(Earth-616),Known to Authorities Identity,Good Characters,Red Eyes,Black Hair,Male Characters,,Living Characters,146,Jul-77,1977
288,9819,Noriko Ashida (Earth-616),\/Noriko_Ashida_(Earth-616),Secret Identity,Good Characters,Brown Eyes,Black Hair,Female Characters,,Living Characters,145,Jan-04,2004
291,15904,Cessily Kincaid (Earth-616),\/Cessily_Kincaid_(Earth-616),Secret Identity,Good Characters,Silver Eyes,Red Hair,Female Characters,,Living Characters,143,Aug-03,2003
293,2727,Jack Monroe (Earth-616),\/Jack_Monroe_(Earth-616),Public Identity,Good Characters,Brown Eyes,Brown Hair,Male Characters,,Deceased Characters,141,Dec-53,1953
294,2164,Madeline Joyce (Earth-616),\/Madeline_Joyce_(Earth-616),Secret Identity,Good Characters,Blue Eyes,Brown Hair,Female Characters,,Deceased Characters,140,Nov-43,1943
296,1891,Jocasta (Earth-616),\/Jocasta_(Earth-616),No Dual Identity,Good Characters,Red Eyes,No Hair,Female Characters,,Living Characters,140,Aug-77,1977
297,2003,Peter Wisdom (Earth-616),\/Peter_Wisdom_(Earth-616),No Dual Identity,Good Characters,Blue Eyes,Black Hair,Male Characters,,Living Characters,140,Feb-95,1995
298,10309,Jeffrey Mace (Earth-616),\/Jeffrey_Mace_(Earth-616),Secret Identity,Good Characters,Blue Eyes,Black Hair,Male Characters,,Deceased Characters,139,Dec-40,1940
299,39133,Aquaria Neptunia (Earth-616),\/Aquaria_Neptunia_(Earth-616),Secret Identity,Good Characters,Blue Eyes,Blond Hair,Female Characters,,Living Characters,139,May-47,1947
300,1475,Dragon Man (Earth-616),\/Dragon_Man_(Earth-616),No Dual Identity,Good Characters,Grey Eyes,No Hair,Male Characters,,Living Characters,139,Feb-65,1965
301,2577,Narya (Earth-616),\/Narya_(Earth-616),Secret Identity,Good Characters,White Eyes,Blond Hair,Female Characters,,Living Characters,138,Apr-79,1979
303,83811,Dino Manelli (Earth-616),\/Dino_Manelli_(Earth-616),Public Identity,Good Characters,,Black Hair,Male Characters,,Deceased Characters,137,May-63,1963
304,1904,Peter Parker (Kaine) (Earth-616),\/Peter_Parker_(Kaine)_(Earth-616),Secret Identity,Good Characters,Hazel Eyes,Brown Hair,Male Characters,,Living Characters,137,Dec-94,1994
307,1071,Thomas Halloway (Earth-616),\/Thomas_Halloway_(Earth-616),Public Identity,Good Characters,Brown Eyes,White Hair,Male Characters,,Living Characters,135,Oct-39,1939
308,18135,Jasper Sitwell (Earth-616),\/Jasper_Sitwell_(Earth-616),Public Identity,Good Characters,Blue Eyes,Blond Hair,Male Characters,,Deceased Characters,134,May-66,1966
311,535259,Steel (Earth-616),\/Steel_(Earth-616),Public Identity,Good Characters,,White Hair,Male Characters,,Living Characters,134,,
314,2064,Arthur Maddicks (Earth-616),\/Arthur_Maddicks_(Earth-616),No Dual Identity,Good Characters,White Eyes,No Hair,Male Characters,,Living Characters,133,Mar-86,1986
316,18275,Isadore Cohen (Earth-616),\/Isadore_Cohen_(Earth-616),Public Identity,Good Characters,,,Male Characters,,Living Characters,132,May-63,1963
318,2088,Makkari (Earth-616),\/Makkari_(Earth-616),Secret Identity,Good Characters,Blue Eyes,Strawberry Blond Hair,Male Characters,,Living Characters,131,Aug-40,1940
319,18271,Marlo Chandler (Earth-616),\/Marlo_Chandler_(Earth-616),Public Identity,Good Characters,Blue Eyes,Red Hair,Female Characters,Bisexual Characters,Living Characters,131,Sep-88,1988
320,45178,Percival Pinkerton (Earth-616),\/Percival_Pinkerton_(Earth-616),Public Identity,Good Characters,Brown Eyes,Grey Hair,Male Characters,,Deceased Characters,130,Jul-64,1964
321,7127,Quintavius Quire (Earth-616),\/Quintavius_Quire_(Earth-616),Public Identity,Good Characters,Brown Eyes,Brown Hair,Male Characters,,Living Characters,130,Jan-03,2003
325,1090,Aragorn (Earth-616),\/Aragorn_(Earth-616),No Dual Identity,Good Characters,Brown Eyes,White Hair,Male Characters,,Living Characters,128,Jan-68,1968
326,16003,Betty Dean (Earth-616),\/Betty_Dean_(Earth-616),No Dual Identity,Good Characters,Blue Eyes,White Hair,Female Characters,,Deceased Characters,127,Jan-40,1940
328,2596,Jacqueline Falsworth (Earth-616),\/Jacqueline_Falsworth_(Earth-616),Public Identity,Good Characters,Blue Eyes,Blond Hair,Female Characters,,Living Characters,127,Jul-76,1976
329,1267,Caliban (Earth-616),\/Caliban_(Earth-616),Secret Identity,Good Characters,Black Eyes,No Hair,Male Characters,,Deceased Characters,127,Aug-81,1981
330,1686,Isaac Christians (Earth-616),\/Isaac_Christians_(Earth-616),Public Identity,Good Characters,Blue Eyes,Black Hair,Male Characters,,Living Characters,127,Apr-81,1981
334,43031,Red Sonja (Earth-616),\/Red_Sonja_(Earth-616),Public Identity,Good Characters,Brown Eyes,Red Hair,Female Characters,,Deceased Characters,125,Feb-73,1973
335,1876,Jonathan Hart (Earth-616),\/Jonathan_Hart_(Earth-616),Public Identity,Good Characters,Blue Eyes,Brown Hair,Male Characters,,Living Characters,125,Mar-76,1976
336,22326,Bambina Arbogast (Earth-616),\/Bambina_Arbogast_(Earth-616),No Dual Identity,Good Characters,Blue Eyes,Black Hair,Female Characters,,Living Characters,125,Jan-79,1979
337,1488,Sooraya Qadir (Earth-616),\/Sooraya_Qadir_(Earth-616),Secret Identity,Good Characters,Brown Eyes,Brown Hair,Female Characters,,Living Characters,125,Dec-02,2002
339,19518,Randolph Robertson (Earth-616),\/Randolph_Robertson_(Earth-616),No Dual Identity,Good Characters,Brown Eyes,Black Hair,Male Characters,,Living Characters,124,Dec-68,1968
340,1068,Yao (Earth-616),\/Yao_(Earth-616),Secret Identity,Good Characters,Brown Eyes,Bald,Male Characters,,Living Characters,122,Jun-61,1961
341,1036,Agatha Harkness (Earth-616),\/Agatha_Harkness_(Earth-616),No Dual Identity,Good Characters,Blue Eyes,White Hair,Female Characters,,Deceased Characters,122,Jan-70,1970
343,6635,Katherine Bishop (Earth-616),\/Katherine_Bishop_(Earth-616),Public Identity,Good Characters,Blue Eyes,Black Hair,Female Characters,,Living Characters,122,Apr-05,2005
345,2612,Walter Newell (Earth-616),\/Walter_Newell_(Earth-616),Public Identity,Good Characters,Hazel Eyes,Brown Hair,Male Characters,,Living Characters,121,Sep-67,1967
346,7584,Joanna Cargill (Earth-616),\/Joanna_Cargill_(Earth-616),Secret Identity,Good Characters,Brown Eyes,Black Hair,Female Characters,,Living Characters,121,May-86,1986
348,2359,Rocket Raccoon (Earth-616),\/Rocket_Raccoon_(Earth-616),No Dual Identity,Good Characters,Brown Eyes,Black Hair,Male Characters,,Living Characters,120,Jun-76,1976
351,2002,Wyatt Wingfoot (Earth-616),\/Wyatt_Wingfoot_(Earth-616),Public Identity,Good Characters,Brown Eyes,Black Hair,Male Characters,,Living Characters,119,May-66,1966
353,31525,Peter Quill (Earth-616),\/Peter_Quill_(Earth-616),Secret Identity,Good Characters,Blue Eyes,Blond Hair,Male Characters,,Living Characters,119,Jan-76,1976
355,117089,Vision (Jonas) (Earth-616),\/Vision_(Jonas)_(Earth-616),Public Identity,Good Characters,Gold Eyes,No Hair,Male Characters,,Deceased Characters,119,Aug-05,2005
356,6637,William Kaplan (Earth-616),\/William_Kaplan_(Earth-616),Secret Identity,Good Characters,Brown Eyes,Black Hair,Male Characters,Homosexual Characters,Living Characters,119,Apr-05,2005
357,1780,George Stacy (Earth-616),\/George_Stacy_(Earth-616),Public Identity,Good Characters,Blue Eyes,White Hair,Male Characters,,Deceased Characters,118,Jan-68,1968
358,54511,Mari (Earth-616),\/Mari_(Earth-616),Public Identity,Good Characters,Blue Eyes,Blond Hair,Female Characters,,Living Characters,118,Jan-79,1979
363,16586,Arcturus Rann (Earth-616),\/Arcturus_Rann_(Earth-616),Public Identity,Good Characters,Brown Eyes,Brown Hair,Male Characters,,Living Characters,115,Jan-79,1979
364,18175,James Woo (Earth-616),\/James_Woo_(Earth-616),Public Identity,Good Characters,Brown Eyes,Black Hair,Male Characters,,Living Characters,114,Oct-56,1956
365,1479,Frank Drake (Earth-616),\/Frank_Drake_(Earth-616),No Dual Identity,Good Characters,Blue Eyes,Blond Hair,Male Characters,,Living Characters,114,Apr-72,1972
369,1465,Doop (Earth-616),\/Doop_(Earth-616),No Dual Identity,Good Characters,Variable Eyes,Black Hair,Male Characters,Bisexual Characters,Living Characters,113,Jul-01,2001
370,2298,David Alleyne (Earth-616),\/David_Alleyne_(Earth-616),Secret Identity,Good Characters,Brown Eyes,Black Hair,Male Characters,Bisexual Characters,Living Characters,113,Oct-03,2003
371,1816,Hepzibah (Earth-616),\/Hepzibah_(Earth-616),Secret Identity,Good Characters,Green Eyes,White Hair,Female Characters,,Living Characters,112,Oct-77,1977
373,2380,Samuel Sawyer (Earth-616),\/Samuel_Sawyer_(Earth-616),Public Identity,Good Characters,Blue Eyes,Grey Hair,Male Characters,,Deceased Characters,111,May-63,1963
374,2635,Jacques Duquesne (Earth-616),\/Jacques_Duquesne_(Earth-616),Known to Authorities Identity,Good Characters,Blue Eyes,Black Hair,Male Characters,,Living Characters,111,Aug-65,1965
377,2029,Miguel Santos (Earth-616),\/Miguel_Santos_(Earth-616),Secret Identity,Good Characters,Brown Eyes,Black Hair,Male Characters,Homosexual Characters,Living Characters,111,Oct-90,1990
378,1361,Christopher Summers (Earth-616),\/Christopher_Summers_(Earth-616),Public Identity,Good Characters,Brown Eyes,Brown Hair,Male Characters,,Living Characters,110,Apr-77,1977
381,2300,Prosh (Earth-616),\/Prosh_(Earth-616),Secret Identity,Good Characters,Variable Eyes,No Hair,,,Living Characters,109,Jan-88,1988
387,2561,Angelo Espinosa (Earth-616),\/Angelo_Espinosa_(Earth-616),Secret Identity,Good Characters,Brown Eyes,Black Hair,Male Characters,,Deceased Characters,108,Oct-94,1994
388,8930,Layla Miller (Earth-616),\/Layla_Miller_(Earth-616),No Dual Identity,Good Characters,Green Eyes,Blond Hair,Female Characters,,Living Characters,108,Sep-05,2005
392,15587,Clay Harder (Earth-616),\/Clay_Harder_(Earth-616),Public Identity,Good Characters,Blue Eyes,Blond Hair,Male Characters,,Living Characters,106,Mar-48,1948
393,1665,Frigga (Earth-616),\/Frigga_(Earth-616),Secret Identity,Good Characters,Blue Eyes,White Hair,Female Characters,,Living Characters,106,May-63,1963
394,1849,Ikaris (Eternal) (Earth-616),\/Ikaris_(Eternal)_(Earth-616),Secret Identity,Good Characters,Blue Eyes,Blond Hair,Male Characters,,Living Characters,106,Jul-76,1976
395,2119,Jack Power (Earth-616),\/Jack_Power_(Earth-616),Secret Identity,Good Characters,Blue Eyes,Brown Hair,Male Characters,,Living Characters,106,Aug-84,1984
396,1515,Katherine Power (Earth-616),\/Katherine_Power_(Earth-616),Secret Identity,Good Characters,Blue Eyes,Strawberry Blond Hair,Female Characters,,Living Characters,106,Aug-84,1984
397,7628,Sharon Ventura (Earth-616),\/Sharon_Ventura_(Earth-616),Secret Identity,Good Characters,Blue Eyes,Red Hair,Female Characters,,Living Characters,105,Sep-85,1985
398,14469,Nico Minoru (Earth-616),\/Nico_Minoru_(Earth-616),Secret Identity,Good Characters,Brown Eyes,Black Hair,Female Characters,,Living Characters,105,Jul-03,2003
400,389128,Idie Okonkwo (Earth-616),\/Idie_Okonkwo_(Earth-616),Public Identity,Good Characters,Blue Eyes,Black Hair,Female Characters,,Living Characters,104,Nov-10,2010
401,1990,Robert Frank (Earth-616),\/Robert_Frank_(Earth-616),Secret Identity,Good Characters,Brown Eyes,Grey Hair,Male Characters,,Deceased Characters,103,Aug-41,1941
402,5464,Elizabeth Twoyoungmen (Earth-616),\/Elizabeth_Twoyoungmen_(Earth-616),Secret Identity,Good Characters,Brown Eyes,Black Hair,Female Characters,,Living Characters,103,Dec-83,1983
403,2637,Everett Thomas (Earth-616),\/Everett_Thomas_(Earth-616),Secret Identity,Good Characters,Brown Eyes,Bald,Male Characters,,Deceased Characters,103,Sep-94,1994
404,120752,Danger (Earth-616),\/Danger_(Earth-616),No Dual Identity,Good Characters,,No Hair,Female Characters,,Living Characters,103,Mar-05,2005
405,6636,Dorrek VIII (Earth-616),\/Dorrek_VIII_(Earth-616),Public Identity,Good Characters,Blue Eyes,Blond Hair,Male Characters,Homosexual Characters,Living Characters,103,Apr-05,2005
406,76268,Amadeus Cho (Earth-616),\/Amadeus_Cho_(Earth-616),No Dual Identity,Good Characters,Black Eyes,Black Hair,Male Characters,,Living Characters,103,Jan-06,2006
408,1509,Joshua Foley (Earth-616),\/Joshua_Foley_(Earth-616),Secret Identity,Good Characters,Blue Eyes,Blond Hair,Male Characters,,Living Characters,101,Nov-03,2003
412,18648,Leiko Wu (Earth-616),\/Leiko_Wu_(Earth-616),Secret Identity,Good Characters,Blue Eyes,Black Hair,Female Characters,,Deceased Characters,100,Oct-75,1975
413,14479,Chase Stein (Earth-616),\/Chase_Stein_(Earth-616),No Dual Identity,Good Characters,Blue Eyes,Blond Hair,Male Characters,,Living Characters,100,Jul-03,2003
415,3936,Louise Grant (Earth-616),\/Louise_Grant_(Earth-616),Secret Identity,Good Characters,Blue Eyes,Blond Hair,Female Characters,,Living Characters,99,Sep-46,1946
416,27054,Grand Vizier (Asgard) (Earth-616),\/Grand_Vizier_(Asgard)_(Earth-616),Secret Identity,Good Characters,,White Hair,Male Characters,,Living Characters,99,Sep-65,1965
418,16583,Acroyear (Earth-616),\/Acroyear_(Earth-616),No Dual Identity,Good Characters,Grey Eyes,No Hair,Male Characters,,Living Characters,99,Jan-79,1979
420,6638,Elijah Bradley (Earth-616),\/Elijah_Bradley_(Earth-616),Secret Identity,Good Characters,Brown Eyes,Bald,Male Characters,,Living Characters,99,Apr-05,2005
421,2240,Frankie Raye (Earth-616),\/Frankie_Raye_(Earth-616),Secret Identity,Good Characters,Blue Eyes,Red Hair,Female Characters,,Living Characters,98,Nov-75,1975
422,2078,Jimaine Szardos (Earth-616),\/Jimaine_Szardos_(Earth-616),Secret Identity,Good Characters,Blue Eyes,Blond Hair,Female Characters,,Living Characters,98,Apr-76,1976
423,1165,Bethany Cabe (Earth-616),\/Bethany_Cabe_(Earth-616),No Dual Identity,Good Characters,Green Eyes,Red Hair,Female Characters,,Living Characters,98,Dec-78,1978
425,2495,Delroy Garrett Jr. (Earth-616),\/Delroy_Garrett_Jr._(Earth-616),Secret Identity,Good Characters,Brown Eyes,Black Hair,Male Characters,,Living Characters,98,Sep-98,1998
426,3763,Anya Corazon (Earth-616),\/Anya_Corazon_(Earth-616),Public Identity,Good Characters,Brown Eyes,Brown Hair,Female Characters,,Living Characters,98,Aug-04,2004
428,1299,Margaret Carter (Earth-616),\/Margaret_Carter_(Earth-616),Public Identity,Good Characters,Blue Eyes,White Hair,Female Characters,,Deceased Characters,97,Mar-66,1966
432,33266,Abigail Brand (Earth-616),\/Abigail_Brand_(Earth-616),Secret Identity,Good Characters,Green Eyes,Green Hair,Female Characters,,Living Characters,97,Sep-04,2004
433,107154,Carlie Cooper (Earth-616),\/Carlie_Cooper_(Earth-616),No Dual Identity,Good Characters,Blue Eyes,Brown Hair,Female Characters,,Living Characters,97,Jan-08,2008
436,1244,Jericho Drumm (Earth-616),\/Jericho_Drumm_(Earth-616),Public Identity,Good Characters,Brown Eyes,Brown Hair,Male Characters,,Deceased Characters,96,Sep-73,1973
437,16285,Ruth Aldine (Earth-616),\/Ruth_Aldine_(Earth-616),Secret Identity,Good Characters,,Black Hair,Female Characters,,Living Characters,96,Jan-05,2005
438,72375,Azura (Earth-616),\/Azura_(Earth-616),Secret Identity,Good Characters,Blue Eyes,Blond Hair,Female Characters,,Living Characters,95,Aug-40,1940
439,530817,Cyclone (Horse) (Earth-616),\/Cyclone_(Horse)_(Earth-616),Public Identity,Good Characters,,,Male Characters,,Living Characters,95,Mar-48,1948
440,239980,Matthew Masters (Earth-616),\/Matthew_Masters_(Earth-616),Secret Identity,Good Characters,,Black Hair,Male Characters,,Living Characters,95,Dec-48,1948
441,2050,Luna Maximoff (Earth-616),\/Luna_Maximoff_(Earth-616),No Dual Identity,Good Characters,Blue Eyes,Blond Hair,Female Characters,,Living Characters,95,Mar-82,1982
442,5684,Silhouette Chord (Earth-616),\/Silhouette_Chord_(Earth-616),Secret Identity,Good Characters,Brown Eyes,Black Hair,Female Characters,,Living Characters,95,Aug-90,1990
444,2560,Sally Blevins (Earth-616),\/Sally_Blevins_(Earth-616),Secret Identity,Good Characters,Blue Eyes,Blond Hair,Female Characters,,Living Characters,94,Aug-86,1986
446,41819,Denis Nayland Smith (Earth-616),\/Denis_Nayland_Smith_(Earth-616),Secret Identity,Good Characters,,Bald,Male Characters,,Deceased Characters,93,Dec-73,1973
448,2475,Patricia Tilby (Earth-616),\/Patricia_Tilby_(Earth-616),Public Identity,Good Characters,Blue Eyes,Black Hair,Female Characters,,Living Characters,93,Aug-86,1986
449,7373,Michael Collins (Earth-616),\/Michael_Collins_(Earth-616),Secret Identity,Good Characters,Brown Eyes,Brown Hair,Male Characters,,Living Characters,93,Jul-90,1990
450,17514,Groot (Earth-616),\/Groot_(Earth-616),No Dual Identity,Good Characters,Black Eyes,No Hair,Male Characters,,Living Characters,92,Nov-60,1960
451,2398,Vashti Cleito-Son (Earth-616),\/Vashti_Cleito-Son_(Earth-616),Secret Identity,Good Characters,,White Hair,Male Characters,,Living Characters,92,Sep-65,1965
453,1674,Gaea (Earth-616),\/Gaea_(Earth-616),Secret Identity,Good Characters,,,Female Characters,,Living Characters,92,Feb-75,1975
455,2360,Rom (Earth-616),\/Rom_(Earth-616),Public Identity,Good Characters,Blue Eyes,Black Hair,Male Characters,,Living Characters,92,Dec-79,1979
458,2499,Michiko Musashi (Earth-616),\/Michiko_Musashi_(Earth-616),Secret Identity,Good Characters,Brown Eyes,Black Hair,Female Characters,,Living Characters,92,Oct-92,1992
459,86454,Skaar (Earth-616),\/Skaar_(Earth-616),No Dual Identity,Good Characters,Green Eyes,Black Hair,Male Characters,,Living Characters,92,Jan-08,2008
461,19595,Roxanne Simpson (Earth-616),\/Roxanne_Simpson_(Earth-616),Secret Identity,Good Characters,,,Female Characters,,Deceased Characters,91,Aug-72,1972
463,1240,George Washington Bridge (Earth-616),\/George_Washington_Bridge_(Earth-616),Secret Identity,Good Characters,Brown Eyes,White Hair,Male Characters,,Deceased Characters,91,Aug-91,1991
464,14474,Molly Hayes (Earth-616),\/Molly_Hayes_(Earth-616),Secret Identity,Good Characters,Green Eyes,Brown Hair,Female Characters,,Living Characters,90,Jul-03,2003
470,19541,Nathan Lubensky (Earth-616),\/Nathan_Lubensky_(Earth-616),Public Identity,Good Characters,Blue Eyes,White Hair,Male Characters,,Deceased Characters,87,Oct-80,1980
471,1966,David Haller (Earth-616),\/David_Haller_(Earth-616),Secret Identity,Good Characters,Blue Eyes,Black Hair,Male Characters,,Living Characters,87,Mar-85,1985
472,1148,Lemar Hoskins (Earth-616),\/Lemar_Hoskins_(Earth-616),Secret Identity,Good Characters,Brown Eyes,Black Hair,Male Characters,,Living Characters,87,Nov-86,1986
474,7457,Joseph Chapman (Earth-616),\/Joseph_Chapman_(Earth-616),Secret Identity,Good Characters,Blue Eyes,Brown Hair,Male Characters,,Living Characters,86,Jan-81,1981
475,14482,Karolina Dean (Earth-616),\/Karolina_Dean_(Earth-616),Secret Identity,Good Characters,Blue Eyes,Blond Hair,Female Characters,Homosexual Characters,Living Characters,86,Jul-03,2003
477,56164,Kull (Earth-616),\/Kull_(Earth-616),Public Identity,Good Characters,Grey Eyes,Black Hair,Male Characters,,Living Characters,84,Oct-70,1970
479,1402,Laynia Petrovna (Earth-616),\/Laynia_Petrovna_(Earth-616),Secret Identity,Good Characters,Brown Eyes,Blond Hair,Female Characters,,Living Characters,84,Aug-76,1976
480,16587,Night Raven (Vigilante) (Earth-616),\/Night_Raven_(Vigilante)_(Earth-616),Secret Identity,Good Characters,Grey Eyes,Bald,Male Characters,,Living Characters,84,Mar-79,1979
481,40339,Kavita Rao (Earth-616),\/Kavita_Rao_(Earth-616),No Dual Identity,Good Characters,Brown Eyes,Black Hair,Female Characters,,Living Characters,84,Jul-04,2004
482,76341,Danielle Cage (Earth-616),\/Danielle_Cage_(Earth-616),No Dual Identity,Good Characters,Green Eyes,Black Hair,Female Characters,,Living Characters,84,Mar-06,2006
485,50902,Michael Duffy (Earth-616),\/Michael_Duffy_(Earth-616),Public Identity,Good Characters,,Brown Hair,Male Characters,,Deceased Characters,82,Mar-41,1941
486,18259,Eric Koenig (Earth-616),\/Eric_Koenig_(Earth-616),No Dual Identity,Good Characters,Blue Eyes,Blond Hair,Male Characters,,Deceased Characters,82,Feb-66,1966
490,2109,Marrina Smallwood (Earth-616),\/Marrina_Smallwood_(Earth-616),Secret Identity,Good Characters,Black Eyes,Green Hair,Female Characters,,Living Characters,82,Aug-83,1983
491,1252,Fred Davis Jr. (Earth-616),\/Fred_Davis_Jr._(Earth-616),Secret Identity,Good Characters,Blue Eyes,White Hair,Male Characters,,Deceased Characters,81,Aug-45,1945
495,1628,Bonita Juarez (Earth-616),\/Bonita_Juarez_(Earth-616),Secret Identity,Good Characters,Brown Eyes,Black Hair,Female Characters,,Living Characters,80,Nov-81,1981
498,15200,Brandy Clark (Earth-616),\/Brandy_Clark_(Earth-616),Public Identity,Good Characters,,Brown Hair,Female Characters,,Living Characters,79,Dec-79,1979
499,1437,Lillian Crawley (Earth-616),\/Lillian_Crawley_(Earth-616),Secret Identity,Good Characters,Hazel Eyes,Brown Hair,Female Characters,,Deceased Characters,79,Aug-83,1983
500,547405,Ichabod (Earth-616),\/Ichabod_(Earth-616),Secret Identity,Good Characters,,White Hair,Male Characters,,Living Characters,78,Dec-48,1948
501,1345,Russell Collins (Earth-616),\/Russell_Collins_(Earth-616),Public Identity,Good Characters,Blue Eyes,Red Hair,Male Characters,,Deceased Characters,78,Feb-86,1986
503,1894,Helen Takahama (Earth-616),\/Helen_Takahama_(Earth-616),Secret Identity,Good Characters,Blue Eyes,Black Hair,Female Characters,,Living Characters,78,Apr-97,1997
504,502463,En Sabah Nur (Evan Sabahnur) (Earth-616),\/En_Sabah_Nur_(Evan_Sabahnur)_(Earth-616),Secret Identity,Good Characters,Black Eyes,Black Hair,Male Characters,,Living Characters,78,Jun-11,2011
507,8653,Sally Avril (Earth-616),\/Sally_Avril_(Earth-616),Secret Identity,Good Characters,Brown Eyes,Black Hair,Female Characters,,Deceased Characters,76,Aug-62,1962
511,1554,Mariko Yashida (Earth-616),\/Mariko_Yashida_(Earth-616),No Dual Identity,Good Characters,Brown Eyes,Black Hair,Female Characters,,Deceased Characters,76,Feb-79,1979
512,6830,Dallas Riordan (Earth-616),\/Dallas_Riordan_(Earth-616),Secret Identity,Good Characters,Blue Eyes,Red Hair,Female Characters,,Living Characters,76,Apr-97,1997
513,1789,Hannibal King (Earth-616),\/Hannibal_King_(Earth-616),No Dual Identity,Good Characters,Brown Eyes,Brown Hair,Male Characters,,Living Characters,75,Oct-74,1974
515,2254,Kara Killgrave (Earth-616),\/Kara_Killgrave_(Earth-616),Secret Identity,Good Characters,Purple Eyes,Black Hair,Female Characters,,Living Characters,75,Dec-86,1986
516,5535,Jess\u00e1n Hoan (Earth-616),\/Jess%C3%A1n_Hoan_(Earth-616),Secret Identity,Good Characters,Brown Eyes,Black Hair,Female Characters,,Living Characters,75,May-88,1988
517,17988,Daisy Johnson (Earth-616),\/Daisy_Johnson_(Earth-616),Secret Identity,Good Characters,Blue Eyes,Black Hair,Female Characters,,Living Characters,75,Jul-04,2004
519,1304,Cecilia Reyes (Earth-616),\/Cecilia_Reyes_(Earth-616),No Dual Identity,Good Characters,Brown Eyes,Brown Hair,Female Characters,,Living Characters,74,Jun-97,1997
520,1149,Barnell Bohusk (Earth-616),\/Barnell_Bohusk_(Earth-616),Secret Identity,Good Characters,Blue Eyes,Blond Hair,Male Characters,,Living Characters,74,Oct-01,2001
521,14480,Victor Mancha (Earth-616),\/Victor_Mancha_(Earth-616),No Dual Identity,Good Characters,Green Eyes,Brown Hair,Male Characters,,Living Characters,74,Apr-05,2005
529,16827,Alani Ryan (Earth-616),\/Alani_Ryan_(Earth-616),Secret Identity,Good Characters,Brown Eyes,Brown Hair,Female Characters,,Living Characters,73,Jun-04,2004
530,5557,Aarkus (Earth-616),\/Aarkus_(Earth-616),Secret Identity,Good Characters,White Eyes,No Hair,Male Characters,,Living Characters,72,Nov-40,1940
531,13136,Aloysius Kare (Earth-616),\/Aloysius_Kare_(Earth-616),Secret Identity,Good Characters,Brown Eyes,Black Hair,Male Characters,,Deceased Characters,72,Nov-50,1950
532,15258,Ringo Kid (Earth-616),\/Ringo_Kid_(Earth-616),Secret Identity,Good Characters,Brown Eyes,Brown Hair,Male Characters,,Living Characters,72,Aug-54,1954
540,19600,Stacy Dolan (Earth-616),\/Stacy_Dolan_(Earth-616),Public Identity,Good Characters,Brown Eyes,Brown Hair,Female Characters,,Living Characters,72,May-90,1990
541,5704,Sleepwalker (Earth-616),\/Sleepwalker_(Earth-616),Secret Identity,Good Characters,Red Eyes,No Hair,Male Characters,,Living Characters,72,Jun-91,1991
542,15909,Ben Hamill (Earth-616),\/Ben_Hamill_(Earth-616),Secret Identity,Good Characters,,,Male Characters,,Living Characters,72,Jan-04,2004
545,318201,Jennifer Takeda (Earth-616),\/Jennifer_Takeda_(Earth-616),Public Identity,Good Characters,Brown Eyes,Black Hair,Female Characters,,Living Characters,71,Aug-10,2010
546,485760,Broo (Earth-616),\/Broo_(Earth-616),Secret Identity,Good Characters,,No Hair,Male Characters,,Living Characters,71,Sep-11,2011
547,2113,Robert Grayson (Earth-616),\/Robert_Grayson_(Earth-616),Secret Identity,Good Characters,Blue Eyes,Blond Hair,Male Characters,,Living Characters,70,Dec-50,1950
549,2546,Maximillian Coleridge (Earth-616),\/Maximillian_Coleridge_(Earth-616),Secret Identity,Good Characters,Blue Eyes,Blond Hair,Male Characters,,Living Characters,70,Apr-76,1976
550,36806,Oracle (Sybil) (Earth-616),\/Oracle_(Sybil)_(Earth-616),Public Identity,Good Characters,Pink Eyes,Blond Hair,Female Characters,,Living Characters,70,Oct-77,1977
551,16726,Hope Abbott (Earth-616),\/Hope_Abbott_(Earth-616),Secret Identity,Good Characters,Hazel Eyes,Brown Hair,Female Characters,,Living Characters,70,Jun-05,2005
552,494335,"Nicholas Fury, Jr. (Earth-616)","\/Nicholas_Fury,_Jr._(Earth-616)",No Dual Identity,Good Characters,One Eye,Bald,Male Characters,,Living Characters,70,Jan-12,2012
554,23865,Shalla-Bal (Earth-616),\/Shalla-Bal_(Earth-616),Secret Identity,Good Characters,Blue Eyes,Black Hair,Female Characters,,Living Characters,69,Aug-68,1968
556,1433,Jean DeWolff (Earth-616),\/Jean_DeWolff_(Earth-616),Public Identity,Good Characters,Green Eyes,Blond Hair,Female Characters,,Deceased Characters,69,Aug-76,1976
559,19220,Joy Mercado (Earth-616),\/Joy_Mercado_(Earth-616),Public Identity,Good Characters,Blue Eyes,Blond Hair,Female Characters,,Living Characters,69,Sep-83,1983
561,6720,Martha Franklin (Earth-616),\/Martha_Franklin_(Earth-616),Secret Identity,Good Characters,Blue Eyes,Black Hair,Female Characters,,Deceased Characters,69,Nov-98,1998
562,308241,Bentley Wittman (Clone) (Earth-616),\/Bentley_Wittman_(Clone)_(Earth-616),No Dual Identity,Good Characters,Brown Eyes,Brown Hair,Male Characters,,Living Characters,69,Oct-09,2009
567,1327,Lila Cheney (Earth-616),\/Lila_Cheney_(Earth-616),Public Identity,Good Characters,Blue Eyes,Black Hair,Female Characters,,Living Characters,68,Nov-84,1984
569,20286,Everett Ross (Earth-616),\/Everett_Ross_(Earth-616),Public Identity,Good Characters,,Brown Hair,Male Characters,,Living Characters,68,Sep-98,1998
571,4326,Kenneth Hale (Earth-616),\/Kenneth_Hale_(Earth-616),Secret Identity,Good Characters,Brown Eyes,Brown Hair,Male Characters,,Living Characters,67,Mar-54,1954
572,55311,Korg (Earth-616),\/Korg_(Earth-616),No Dual Identity,Good Characters,Black Eyes,No Hair,Male Characters,,Living Characters,67,Aug-62,1962
573,2711,Mark Raxton (Earth-616),\/Mark_Raxton_(Earth-616),Public Identity,Good Characters,Hazel Eyes,Blond Hair,Male Characters,,Living Characters,67,Sep-65,1965
574,2159,Calvin Rankin (Earth-616),\/Calvin_Rankin_(Earth-616),,Good Characters,Brown Eyes,Brown Hair,Male Characters,,Living Characters,67,Apr-66,1966
576,2304,Hobie Brown (Earth-616),\/Hobie_Brown_(Earth-616),Secret Identity,Good Characters,Brown Eyes,Black Hair,Male Characters,,Living Characters,67,Nov-69,1969
577,5515,Topaz (Earth-616),\/Topaz_(Earth-616),No Dual Identity,Good Characters,Brown Eyes,Black Hair,Female Characters,,Living Characters,67,Jan-74,1974
580,19169,Lance Bannon (Earth-616),\/Lance_Bannon_(Earth-616),Public Identity,Good Characters,Blue Eyes,Brown Hair,Male Characters,,Deceased Characters,67,Sep-80,1980
581,1558,Rita DeMara (Earth-616),\/Rita_DeMara_(Earth-616),Public Identity,Good Characters,Blue Eyes,Strawberry Blond Hair,Female Characters,,Living Characters,67,Feb-86,1986
582,392311,Tong (Moloid) (Earth-616),\/Tong_(Moloid)_(Earth-616),Secret Identity,Good Characters,,No Hair,Female Characters,Transgender Characters,Living Characters,67,Mar-10,2010
585,2466,John Proudstar (Earth-616),\/John_Proudstar_(Earth-616),Secret Identity,Good Characters,Brown Eyes,Black Hair,Male Characters,,Deceased Characters,66,May-75,1975
586,1039,Christoph Nord (Earth-616),\/Christoph_Nord_(Earth-616),Secret Identity,Good Characters,Blue Eyes,Black Hair,Male Characters,,Living Characters,66,Feb-92,1992
587,15414,Maya Lopez (Earth-616),\/Maya_Lopez_(Earth-616),Secret Identity,Good Characters,Brown Eyes,Black Hair,Female Characters,,Deceased Characters,66,Dec-99,1999
588,14478,Old Lace (Earth-616),\/Old_Lace_(Earth-616),No Dual Identity,Good Characters,Red Eyes,No Hair,Female Characters,,Living Characters,66,Aug-03,2003
589,239187,Humberto Lopez (Earth-616),\/Humberto_Lopez_(Earth-616),Secret Identity,Good Characters,Blue Eyes,Black Hair,Male Characters,,Deceased Characters,66,May-09,2009
592,1887,Jennifer Kale (Earth-616),\/Jennifer_Kale_(Earth-616),Secret Identity,Good Characters,Blue Eyes,Blond Hair,Female Characters,Bisexual Characters,Deceased Characters,65,Dec-72,1972
594,19510,Ashley Kafka (Earth-616),\/Ashley_Kafka_(Earth-616),No Dual Identity,Good Characters,Blue Eyes,Black Hair,Female Characters,,Deceased Characters,65,Jul-91,1991
596,256371,Shuri (Earth-616),\/Shuri_(Earth-616),Public Identity,Good Characters,Brown Eyes,Black Hair,Female Characters,,Living Characters,65,May-05,2005
599,68260,Kristoff Vernard (Earth-616),\/Kristoff_Vernard_(Earth-616),Secret Identity,Good Characters,Brown Eyes,Brown Hair,Male Characters,,Living Characters,64,Oct-82,1982
600,1690,Gateway (Earth-616),\/Gateway_(Earth-616),Secret Identity,Good Characters,Brown Eyes,Black Hair,Male Characters,,Deceased Characters,64,May-88,1988
606,16087,Arthur Stacy (Earth-616),\/Arthur_Stacy_(Earth-616),,Good Characters,Blue Eyes,Grey Hair,Male Characters,,Living Characters,63,Feb-71,1971
607,37421,David Griffith (Earth-616),\/David_Griffith_(Earth-616),No Dual Identity,Good Characters,Blue Eyes,Blond Hair,Male Characters,,Living Characters,63,Aug-72,1972
610,26827,Sara Wolfe (Earth-616),\/Sara_Wolfe_(Earth-616),Public Identity,Good Characters,,Black Hair,Female Characters,,Living Characters,63,Dec-79,1979
613,18968,Armando Mu\u00f1oz (Earth-616),\/Armando_Mu%C3%B1oz_(Earth-616),Secret Identity,Good Characters,White Eyes,No Hair,Male Characters,,Living Characters,63,Feb-06,2006
614,318203,Jeanne Foucault (Earth-616),\/Jeanne_Foucault_(Earth-616),Secret Identity,Good Characters,Blue Eyes,Black Hair,Female Characters,,Living Characters,63,Aug-10,2010
619,2580,Candace Southern (Earth-616),\/Candace_Southern_(Earth-616),No Dual Identity,Good Characters,Blue Eyes,Black Hair,Female Characters,,Deceased Characters,62,Apr-67,1967
620,19547,Heather Glenn (Earth-616),\/Heather_Glenn_(Earth-616),No Dual Identity,Good Characters,Blue Eyes,Black Hair,Female Characters,,Deceased Characters,62,Oct-75,1975
621,5437,Rintrah (Earth-616),\/Rintrah_(Earth-616),Secret Identity,Good Characters,Brown Eyes,Green Hair,Male Characters,,Living Characters,62,Dec-86,1986
622,68313,Kevin Masterson (Earth-616),\/Kevin_Masterson_(Earth-616),Public Identity,Good Characters,Blue Eyes,Blond Hair,Male Characters,,Living Characters,62,Jun-88,1988
624,16538,Karima Shapandar (Earth-616),\/Karima_Shapandar_(Earth-616),Secret Identity,Good Characters,Brown Eyes,Black Hair,Female Characters,,Living Characters,62,Jun-00,2000
625,286426,Norah Winters (Earth-616),\/Norah_Winters_(Earth-616),No Dual Identity,Good Characters,Blue Eyes,Blond Hair,Female Characters,,Living Characters,62,Dec-08,2008
626,318208,Brandon Sharpe (Earth-616),\/Brandon_Sharpe_(Earth-616),Public Identity,Good Characters,Brown Eyes,Black Hair,Male Characters,Homosexual Characters,Living Characters,62,Aug-10,2010
628,7993,William Connors (Earth-616),\/William_Connors_(Earth-616),No Dual Identity,Good Characters,Blue Eyes,Blond Hair,Male Characters,,Deceased Characters,61,Nov-63,1963
632,89976,Venus (Siren) (Earth-616),\/Venus_(Siren)_(Earth-616),Secret Identity,Good Characters,Blue Eyes,Blond Hair,Female Characters,,Living Characters,61,Oct-06,2006
633,17520,Lance Temple (Outlaw Kid) (Earth-616),\/Lance_Temple_(Outlaw_Kid)_(Earth-616),Secret Identity,Good Characters,Blue Eyes,Blond Hair,Male Characters,,Deceased Characters,60,Sep-54,1954
637,1864,Irene Merryweather (Earth-616),\/Irene_Merryweather_(Earth-616),No Dual Identity,Good Characters,Brown Eyes,Brown Hair,Female Characters,,Living Characters,60,Nov-97,1997
638,425350,E.V.A. (Earth-616),\/E.V.A._(Earth-616),Secret Identity,Good Characters,,No Hair,Female Characters,,Living Characters,60,Sep-02,2002
639,392307,Mik (Moloid) (Earth-616),\/Mik_(Moloid)_(Earth-616),Secret Identity,Good Characters,,No Hair,Male Characters,,Living Characters,60,Mar-10,2010
645,4323,Gilgamesh (Earth-616),\/Gilgamesh_(Earth-616),Secret Identity,Good Characters,Blue Eyes,Black Hair,Male Characters,,Living Characters,59,Jul-77,1977
647,16581,Biotron (Earth-616),\/Biotron_(Earth-616),No Dual Identity,Good Characters,,,Male Characters,,Living Characters,59,Jan-79,1979
648,2373,Ruth Bat-Seraph (Earth-616),\/Ruth_Bat-Seraph_(Earth-616),Secret Identity,Good Characters,Brown Eyes,Black Hair,Female Characters,,Living Characters,59,Aug-80,1980
649,9818,Sofia Mantega (Earth-616),\/Sofia_Mantega_(Earth-616),Secret Identity,Good Characters,Brown Eyes,Brown Hair,Female Characters,,Living Characters,59,Jul-03,2003
650,21524,Nezhno Abidemi (Earth-616),\/Nezhno_Abidemi_(Earth-616),Secret Identity,Good Characters,Blue Eyes,Bald,Male Characters,,Living Characters,59,Apr-06,2006
651,20944,Thomas Shepherd (Earth-616),\/Thomas_Shepherd_(Earth-616),Secret Identity,Good Characters,Green Eyes,White Hair,Male Characters,,Living Characters,59,Mar-06,2006
652,318002,Ken Mack (Earth-616),\/Ken_Mack_(Earth-616),Secret Identity,Good Characters,Brown Eyes,Black Hair,Male Characters,,Deceased Characters,59,Aug-10,2010
653,392313,Turg (Moloid) (Earth-616),\/Turg_(Moloid)_(Earth-616),Secret Identity,Good Characters,,No Hair,Male Characters,,Living Characters,59,Mar-10,2010
655,42233,Robert Diamond (Earth-616),\/Robert_Diamond_(Earth-616),No Dual Identity,Good Characters,Blue Eyes,Blond Hair,Male Characters,,Living Characters,58,Apr-74,1974
657,2069,Cassandra Webb (Earth-616),\/Cassandra_Webb_(Earth-616),Public Identity,Good Characters,Grey Eyes,Black Hair,Female Characters,,Deceased Characters,58,Nov-80,1980
658,27010,Claudette and Nicole St. Croix (Earth-616),\/Claudette_and_Nicole_St._Croix_(Earth-616),Secret Identity,Good Characters,Brown Eyes,Black Hair,Female Characters,,Living Characters,58,Sep-94,1994
659,7196,Greg Willis (Earth-616),\/Greg_Willis_(Earth-616),Secret Identity,Good Characters,Blue Eyes,Brown Hair,Male Characters,,Living Characters,58,Aug-05,2005
660,392309,Korr (Moloid) (Earth-616),\/Korr_(Moloid)_(Earth-616),Secret Identity,Good Characters,,No Hair,,,Living Characters,58,Mar-10,2010
663,1784,Quincy Harker (Earth-616),\/Quincy_Harker_(Earth-616),No Dual Identity,Good Characters,Blue Eyes,White Hair,Male Characters,,Deceased Characters,57,Mar-73,1973
664,1459,Duvid Fortunov (Earth-616),\/Duvid_Fortunov_(Earth-616),Public Identity,Good Characters,Blue Eyes,Brown Hair,Male Characters,,Living Characters,57,Aug-75,1975
666,347765,Laurie Tromette (Earth-616),\/Laurie_Tromette_(Earth-616),Secret Identity,Good Characters,Blue Eyes,Brown Hair,Female Characters,,Living Characters,57,Sep-10,2010
667,441087,Max Modell (Earth-616),\/Max_Modell_(Earth-616),Public Identity,Good Characters,Blue Eyes,Red Hair,Male Characters,Homosexual Characters,Living Characters,57,Jan-11,2011
668,59017,Arthur Pendragon (Earth-616),\/Arthur_Pendragon_(Earth-616),No Dual Identity,Good Characters,Blue Eyes,Brown Hair,Male Characters,,Living Characters,56,Mar-44,1944
672,27334,Martha Robertson (Earth-616),\/Martha_Robertson_(Earth-616),No Dual Identity,Good Characters,,Black Hair,Female Characters,,Living Characters,56,Jan-69,1969
678,19283,Phyla-Vell (Earth-616),\/Phyla-Vell_(Earth-616),Public Identity,Good Characters,Blue Eyes,White Hair,Female Characters,Homosexual Characters,Deceased Characters,56,Jan-04,2004
682,37671,Humanoid Experimental Robot B-Type Integrated Electronics (Earth-616),\/Humanoid_Experimental_Robot_B-Type_Integrated_Electronics_(Earth-616),Secret Identity,Good Characters,Yellow Eyes,No Hair,Male Characters,,Living Characters,55,Aug-79,1979
684,13066,Fen (Earth-616),\/Fen_(Earth-616),No Dual Identity,Good Characters,Green Eyes,Auburn Hair,Female Characters,,Living Characters,55,,
686,8016,Stan Lee (Earth-616),\/Stan_Lee_(Earth-616),No Dual Identity,Good Characters,Brown Eyes,Black Hair,Male Characters,,Living Characters,54,Jan-63,1963
688,2441,Hector Ayala (Earth-616),\/Hector_Ayala_(Earth-616),Public Identity,Good Characters,Brown Eyes,Black Hair,Male Characters,,Deceased Characters,54,Dec-75,1975
689,18762,Blake Tower (Earth-616),\/Blake_Tower_(Earth-616),No Dual Identity,Good Characters,,Blond Hair,Male Characters,,Living Characters,54,Jan-76,1976
691,1292,Captain Universe (Earth-616),\/Captain_Universe_(Earth-616),Secret Identity,Good Characters,Variable Eyes,Variable Hair,Agender Characters,,Living Characters,54,Aug-79,1979
693,1999,William Lumpkin (Earth-616),\/William_Lumpkin_(Earth-616),Public Identity,Good Characters,Blue Eyes,Grey Hair,Male Characters,,Living Characters,53,Feb-63,1963
695,11801,Bova Ayrshire (Earth-616),\/Bova_Ayrshire_(Earth-616),Secret Identity,Good Characters,Brown Eyes,Brown Hair,Female Characters,,Deceased Characters,53,Aug-74,1974
701,4855,Alexander Pierce (Earth-616),\/Alexander_Pierce_(Earth-616),,Good Characters,Brown Eyes,Brown Hair,Male Characters,,Living Characters,53,Aug-88,1988
702,43757,Kayla Ballantine (Earth-616),\/Kayla_Ballantine_(Earth-616),Public Identity,Good Characters,,Strawberry Blond Hair,Female Characters,,Living Characters,53,Nov-89,1989
704,5834,Donyell Taylor (Earth-616),\/Donyell_Taylor_(Earth-616),Secret Identity,Good Characters,Brown Eyes,Black Hair,Male Characters,,Living Characters,53,Oct-93,1993
706,399184,Teon Macik (Earth-616),\/Teon_Macik_(Earth-616),Secret Identity,Good Characters,Brown Eyes,Brown Hair,Male Characters,,Living Characters,53,Dec-10,2010
708,563846,Eva Bell (Earth-616),\/Eva_Bell_(Earth-616),Public Identity,Good Characters,Blue Eyes,Black Hair,Female Characters,,Living Characters,53,Jan-13,2013
709,1552,Zuras (Earth-616),\/Zuras_(Earth-616),No Dual Identity,Good Characters,Blue Eyes,Red Hair,Male Characters,,Deceased Characters,52,Aug-40,1940
713,5466,Tana Nile (Earth-616),\/Tana_Nile_(Earth-616),No Dual Identity,Good Characters,Blue Eyes,Black Hair,Female Characters,,Deceased Characters,52,Jun-66,1966
715,79028,Xandarian Worldmind (Earth-616),\/Xandarian_Worldmind_(Earth-616),Public Identity,Good Characters,,,,,Living Characters,52,Apr-77,1977
717,17184,Fabian Stankowicz (Earth-616),\/Fabian_Stankowicz_(Earth-616),Public Identity,Good Characters,Blue Eyes,Grey Hair,Male Characters,,Living Characters,52,Mar-82,1982
724,240407,Tex Dawson (Earth-616),\/Tex_Dawson_(Earth-616),Public Identity,Good Characters,,Black Hair,Male Characters,,Living Characters,51,Dec-54,1954
726,37414,Jeryn Hogarth (Earth-616),\/Jeryn_Hogarth_(Earth-616),Public Identity,Good Characters,,Brown Hair,Male Characters,,Living Characters,51,Aug-77,1977
730,1584,Mikhail Ursus (Earth-616),\/Mikhail_Ursus_(Earth-616),Secret Identity,Good Characters,Brown Eyes,Brown Hair,Male Characters,,Living Characters,51,Apr-81,1981
731,7230,Joshua Guthrie (Earth-616),\/Joshua_Guthrie_(Earth-616),Secret Identity,Good Characters,Green Eyes,Red Hair,Male Characters,,Deceased Characters,51,Nov-84,1984
734,2468,Neal Shaara (Earth-616),\/Neal_Shaara_(Earth-616),Secret Identity,Good Characters,Brown Eyes,Black Hair,Male Characters,,Living Characters,51,May-00,2000
735,259954,"John Jonah Jameson, Sr. (Earth-616)","\/John_Jonah_Jameson,_Sr._(Earth-616)",No Dual Identity,Good Characters,Brown Eyes,White Hair,Male Characters,,Living Characters,51,Jan-09,2009
736,282579,Terry Vance (Earth-616),\/Terry_Vance_(Earth-616),Public Identity,Good Characters,Blue Eyes,Auburn Hair,Male Characters,,Living Characters,50,Aug-40,1940
737,11081,Aphrodite Ourania (Earth-616),\/Aphrodite_Ourania_(Earth-616),Secret Identity,Good Characters,Blue Eyes,Blond Hair,Female Characters,,Living Characters,50,Aug-48,1948
738,4373,M-11 (Earth-616),\/M-11_(Earth-616),Secret Identity,Good Characters,Yellow Eyes,No Hair,Male Characters,,Living Characters,50,May-54,1954
739,1185,Sir Percy of Scandia (Earth-616),\/Sir_Percy_of_Scandia_(Earth-616),Public Identity,Good Characters,Blue Eyes,Blond Hair,Male Characters,,Deceased Characters,50,May-55,1955
740,286732,Deborah Harris (Earth-616),\/Deborah_Harris_(Earth-616),Public Identity,Good Characters,,Black Hair,Female Characters,,Living Characters,50,Oct-65,1965
743,27207,Susan Austin (Earth-616),\/Susan_Austin_(Earth-616),Public Identity,Good Characters,,Strawberry Blond Hair,Female Characters,,Living Characters,50,Jun-88,1988
747,2169,Guy Smith (Earth-616),\/Guy_Smith_(Earth-616),Secret Identity,Good Characters,Purple Eyes,White Hair,Male Characters,,Deceased Characters,50,Aug-01,2001
748,1067,Tike Alicar (Earth-616),\/Tike_Alicar_(Earth-616),Secret Identity,Good Characters,Brown Eyes,Black Hair,Male Characters,,Deceased Characters,50,Jul-01,2001
749,257530,Eden Fesi (Earth-616),\/Eden_Fesi_(Earth-616),Secret Identity,Good Characters,Brown Eyes,Black Hair,Male Characters,,Living Characters,50,Jul-09,2009
750,282450,Raymond Dawson (Earth-616),\/Raymond_Dawson_(Earth-616),Public Identity,Good Characters,Brown Eyes,Black Hair,Male Characters,,Living Characters,49,Sep-40,1940
751,259922,Henry Tinkelbaum (Earth-616),\/Henry_Tinkelbaum_(Earth-616),Secret Identity,Good Characters,,Blond Hair,Male Characters,,Deceased Characters,49,Jun-41,1941
752,579982,Cookie Novak (Earth-616),\/Cookie_Novak_(Earth-616),Public Identity,Good Characters,,Black Hair,Male Characters,,Living Characters,49,Nov-51,1951
753,579980,Hank Kelly (Earth-616),\/Hank_Kelly_(Earth-616),Public Identity,Good Characters,,Red Hair,,,Living Characters,49,Nov-51,1951
756,10303,William Nasland (Earth-616),\/William_Nasland_(Earth-616),Secret Identity,Good Characters,Blue Eyes,Black Hair,Male Characters,,Deceased Characters,49,Mar-77,1977
757,1229,Roger Bochs (Earth-616),\/Roger_Bochs_(Earth-616),Secret Identity,Good Characters,Blue Eyes,Red Hair,Male Characters,,Deceased Characters,49,Aug-83,1983
758,27290,Marcus Stone (Earth-616),\/Marcus_Stone_(Earth-616),Public Identity,Good Characters,Brown Eyes,Black Hair,Male Characters,,Living Characters,49,Jun-89,1989
762,68682,Rumiko Fujikawa (Earth-616),\/Rumiko_Fujikawa_(Earth-616),No Dual Identity,Good Characters,Brown Eyes,Black Hair,Female Characters,,Deceased Characters,49,May-98,1998
763,351565,Gabriel Cohuelo (Earth-616),\/Gabriel_Cohuelo_(Earth-616),Public Identity,Good Characters,Brown Eyes,Black Hair,Male Characters,,Living Characters,49,Oct-10,2010
764,521850,Phillip Coulson (Earth-616),\/Phillip_Coulson_(Earth-616),No Dual Identity,Good Characters,Blue Eyes,Brown Hair,Male Characters,,Living Characters,49,Jan-12,2012
765,563845,Christopher Muse (Earth-616),\/Christopher_Muse_(Earth-616),Public Identity,Good Characters,Brown Eyes,Black Hair,Male Characters,,Living Characters,49,Jan-13,2013
766,441707,Doctor Watson (Earth-616),\/Doctor_Watson_(Earth-616),Public Identity,Good Characters,,Brown Hair,Male Characters,,Living Characters,48,Aug-40,1940
770,19170,Sha Shan (Earth-616),\/Sha_Shan_(Earth-616),Public Identity,Good Characters,Grey Eyes,Black Hair,Female Characters,,Living Characters,48,May-72,1972
776,1432,Eric Payne (Earth-616),\/Eric_Payne_(Earth-616),Secret Identity,Good Characters,Brown Eyes,Brown Hair,Male Characters,,Living Characters,48,Apr-77,1977
781,39551,Grace Powell (Earth-616),\/Grace_Powell_(Earth-616),Public Identity,Good Characters,,Red Hair,Female Characters,,Living Characters,48,Mar-91,1991
782,41542,Rick Sheridan (Earth-616),\/Rick_Sheridan_(Earth-616),No Dual Identity,Good Characters,Brown Eyes,Light Brown Hair,Male Characters,,Living Characters,48,Jun-91,1991
785,32384,Tsu-Zana (Earth-616),\/Tsu-Zana_(Earth-616),Secret Identity,Good Characters,Blue Eyes,Blond Hair,Female Characters,,Living Characters,48,Nov-96,1996
786,2296,Richard Gilmore (Earth-616),\/Richard_Gilmore_(Earth-616),Public Identity,Good Characters,Blue Eyes,Black Hair,Male Characters,,Living Characters,48,Sep-98,1998
787,5493,Tarene (Earth-616),\/Tarene_(Earth-616),Secret Identity,Good Characters,Blue Eyes,Blond Hair,Female Characters,,Living Characters,48,Apr-00,2000
788,51530,Melati Kusuma (Earth-616),\/Melati_Kusuma_(Earth-616),Secret Identity,Good Characters,Brown Eyes,Black Hair,Female Characters,,Living Characters,48,May-07,2007
789,165982,Jonas Graymalkin (Earth-616),\/Jonas_Graymalkin_(Earth-616),No Dual Identity,Good Characters,White Eyes,No Hair,Male Characters,Homosexual Characters,Living Characters,48,Jun-08,2008
795,3560,Lindsay McCabe (Earth-616),\/Lindsay_McCabe_(Earth-616),Public Identity,Good Characters,Blue Eyes,Blond Hair,Female Characters,,Living Characters,47,May-79,1979
796,11951,Colin Hume (Earth-616),\/Colin_Hume_(Earth-616),Secret Identity,Good Characters,Brown Eyes,Black Hair,Male Characters,,Living Characters,47,Aug-90,1990
798,18821,Martha Johansson (Earth-616),\/Martha_Johansson_(Earth-616),Secret Identity,Good Characters,,No Hair,Female Characters,,Living Characters,47,Nov-01,2001
800,24437,Michael Pointer (Earth-616),\/Michael_Pointer_(Earth-616),Secret Identity,Good Characters,Blue Eyes,Blond Hair,Male Characters,,Living Characters,47,Apr-06,2006
801,128727,Jerry Sledge (Earth-616),\/Jerry_Sledge_(Earth-616),Secret Identity,Good Characters,Brown Eyes,Bald,Male Characters,,Living Characters,47,Jul-08,2008
802,28540,John Grey (Earth-616),\/John_Grey_(Earth-616),Public Identity,Good Characters,,Grey Hair,Male Characters,,Deceased Characters,46,May-64,1964
803,163211,Jonathan Murdock (Earth-616),\/Jonathan_Murdock_(Earth-616),No Dual Identity,Good Characters,,,Male Characters,,Deceased Characters,46,Apr-64,1964
804,298155,Nicholas Bromwell (Earth-616),\/Nicholas_Bromwell_(Earth-616),Public Identity,Good Characters,Blue Eyes,Grey Hair,Male Characters,,Living Characters,46,Feb-64,1964
807,42789,Lissa Russell (Earth-616),\/Lissa_Russell_(Earth-616),Public Identity,Good Characters,Blue Eyes,Brown Hair,Female Characters,,Living Characters,46,Feb-72,1972
808,1085,Wundarr (Earth-616),\/Wundarr_(Earth-616),Public Identity,Good Characters,Brown Eyes,Brown Hair,Male Characters,,Living Characters,46,Oct-73,1973
810,21362,Beverly Switzler (Earth-616),\/Beverly_Switzler_(Earth-616),No Dual Identity,Good Characters,,Red Hair,Female Characters,,Living Characters,46,Jan-76,1976
811,1838,Stephanie Hunter (Earth-616),\/Stephanie_Hunter_(Earth-616),Public Identity,Good Characters,Black Eyes,Black Hair,Female Characters,,Living Characters,46,Nov-80,1980
812,37427,Rachel Carpenter (Earth-616),\/Rachel_Carpenter_(Earth-616),Public Identity,Good Characters,Brown Eyes,Blond Hair,Female Characters,,Living Characters,46,Jan-87,1987
813,26874,Francis Ketch (Earth-616),\/Francis_Ketch_(Earth-616),Public Identity,Good Characters,,Brown Hair,Female Characters,,Living Characters,46,May-90,1990
815,1310,Cerise (Earth-616),\/Cerise_(Earth-616),Secret Identity,Good Characters,Violet Eyes,Black Hair,Female Characters,,Living Characters,46,Jan-92,1992
816,270696,Jake Olson (Duplicate) (Earth-616),\/Jake_Olson_(Duplicate)_(Earth-616),No Dual Identity,Good Characters,,Blond Hair,Male Characters,,Deceased Characters,46,Aug-98,1998
817,2415,Myles Alfred (Earth-616),\/Myles_Alfred_(Earth-616),Secret Identity,Good Characters,Brown Eyes,Brown Hair,Male Characters,Homosexual Characters,Deceased Characters,46,Aug-01,2001
818,14470,Gertrude Yorkes (Earth-616),\/Gertrude_Yorkes_(Earth-616),Secret Identity,Good Characters,Green Eyes,Black Hair,Female Characters,,Deceased Characters,46,Jul-03,2003
819,31566,Alexander Aaron (Earth-616),\/Alexander_Aaron_(Earth-616),Secret Identity,Good Characters,Blue Eyes,Blond Hair,Male Characters,,Deceased Characters,46,Mar-06,2006
820,492392,Kubark (Earth-616),\/Kubark_(Earth-616),Public Identity,Good Characters,Red Eyes,Red Hair,Male Characters,,Living Characters,46,Dec-11,2011
822,92112,James Wilson (Earth-616),\/James_Wilson_(Earth-616),No Dual Identity,Good Characters,Brown Eyes,Black Hair,Male Characters,,Deceased Characters,45,Sep-70,1970
823,35499,Claire Temple (Earth-616),\/Claire_Temple_(Earth-616),No Dual Identity,Good Characters,Brown Eyes,Black Hair,Female Characters,,Living Characters,45,Aug-72,1972
828,7235,Jesse Aaronson (Earth-616),\/Jesse_Aaronson_(Earth-616),Secret Identity,Good Characters,Brown Eyes,Black Hair,Male Characters,,Deceased Characters,45,Oct-98,1998
831,1762,Laurie Collins (Earth-616),\/Laurie_Collins_(Earth-616),Secret Identity,Good Characters,Blue Eyes,Blond Hair,Female Characters,,Deceased Characters,45,Aug-03,2003
834,46986,Joseph Green (Earth-616),\/Joseph_Green_(Earth-616),Public Identity,Good Characters,Brown Eyes,Bald,Male Characters,,Living Characters,45,May-07,2007
836,12808,Mark Todd (Earth-616),\/Mark_Todd_(Earth-616),Secret Identity,Good Characters,Brown Eyes,Bald,Male Characters,,Deceased Characters,44,Mar-41,1941
840,1848,Idunn (Earth-616),\/Idunn_(Earth-616),Public Identity,Good Characters,Blue Eyes,Blond Hair,Female Characters,,Living Characters,44,Mar-65,1965
842,46766,Jackson Norriss (Earth-616),\/Jackson_Norriss_(Earth-616),Public Identity,Good Characters,Blue Eyes,Brown Hair,Male Characters,,Living Characters,44,Apr-70,1970
849,22362,Abraham Zimmer (Earth-616),\/Abraham_Zimmer_(Earth-616),,Good Characters,Blue Eyes,White Hair,Male Characters,,Deceased Characters,44,Jun-87,1987
850,2249,Laura Dean (Earth-616),\/Laura_Dean_(Earth-616),Secret Identity,Good Characters,Brown Eyes,Black Hair,Female Characters,,Living Characters,44,Jul-87,1987
852,3933,Christopher Bradley (Earth-616),\/Christopher_Bradley_(Earth-616),Secret Identity,Good Characters,Blue Eyes,Brown Hair,Male Characters,,Deceased Characters,44,Oct-95,1995
853,89127,Blind Al (Althea) (Earth-616),\/Blind_Al_(Althea)_(Earth-616),Secret Identity,Good Characters,,White Hair,Female Characters,,Living Characters,44,Jan-97,1997
856,2341,Red Raven (Liberty Legion) (Earth-616),\/Red_Raven_(Liberty_Legion)_(Earth-616),Secret Identity,Good Characters,Blue Eyes,Red Hair,Male Characters,,Deceased Characters,43,Aug-40,1940
858,28541,Elaine Grey (Earth-616),\/Elaine_Grey_(Earth-616),Public Identity,Good Characters,Blue Eyes,Grey Hair,Female Characters,,Deceased Characters,43,May-64,1964
860,15998,Vera Cantor (Earth-616),\/Vera_Cantor_(Earth-616),Public Identity,Good Characters,Brown Eyes,Brown Hair,Female Characters,,Living Characters,43,Apr-66,1966
863,1831,Howard Stark (Earth-616),\/Howard_Stark_(Earth-616),No Dual Identity,Good Characters,Blue Eyes,Grey Hair,Male Characters,,Deceased Characters,43,Aug-70,1970
865,2657,Hildegarde (Earth-616),\/Hildegarde_(Earth-616),No Dual Identity,Good Characters,,Blond Hair,Female Characters,,Living Characters,43,Jan-72,1972
866,55707,Lincoln Slade (Earth-616),\/Lincoln_Slade_(Earth-616),Secret Identity,Good Characters,,,Male Characters,,Deceased Characters,43,Jan-72,1972
871,494896,Slug (Microverse) (Earth-616),\/Slug_(Microverse)_(Earth-616),Public Identity,Good Characters,,Black Hair,Female Characters,,Deceased Characters,43,Apr-79,1979
878,19546,Milla Donovan (Earth-616),\/Milla_Donovan_(Earth-616),Public Identity,Good Characters,White Eyes,Black Hair,Female Characters,,Living Characters,43,Mar-03,2003
880,514255,Samuel Alexander (Earth-616),\/Samuel_Alexander_(Earth-616),Secret Identity,Good Characters,Blue Eyes,Black Hair,Male Characters,,Living Characters,43,Jan-12,2012
881,242490,Leila Taylor (Earth-616),\/Leila_Taylor_(Earth-616),No Dual Identity,Good Characters,Brown Eyes,Black Hair,Female Characters,,Living Characters,42,Aug-71,1971
882,42788,Buck Cowan (Earth-616),\/Buck_Cowan_(Earth-616),No Dual Identity,Good Characters,,Brown Hair,Male Characters,,Living Characters,42,Jun-72,1972
884,65379,Lei-Kung (Earth-616),\/Lei-Kung_(Earth-616),Secret Identity,Good Characters,Black Eyes,Bald,Male Characters,,Living Characters,42,Jul-74,1974
888,2044,Lord Chaos (Earth-616),\/Lord_Chaos_(Earth-616),,Good Characters,,No Hair,,,Living Characters,42,Dec-77,1977
889,1069,Andromeda Attumasen (Earth-616),\/Andromeda_Attumasen_(Earth-616),No Dual Identity,Good Characters,Green Eyes,Auburn Hair,Female Characters,,Living Characters,42,May-85,1985
892,18189,Walter Charles (Earth-616),\/Walter_Charles_(Earth-616),Secret Identity,Good Characters,,Brown Hair,Male Characters,,Living Characters,42,Apr-90,1990
893,10207,Doreen Green (Earth-616),\/Doreen_Green_(Earth-616),Public Identity,Good Characters,Brown Eyes,Brown Hair,Female Characters,,Living Characters,42,Dec-91,1991
894,16557,Peter Hunter (Earth-616),\/Peter_Hunter_(Earth-616),Secret Identity,Good Characters,Blue Eyes,Grey Hair,Male Characters,,Living Characters,42,Feb-91,1991
897,2352,Johnathon Gallo (Earth-616),\/Johnathon_Gallo_(Earth-616),Secret Identity,Good Characters,Blue Eyes,Silver Hair,Male Characters,,Living Characters,42,Sep-98,1998
898,5686,Maria de Guadalupe Santiago (Earth-616),\/Maria_de_Guadalupe_Santiago_(Earth-616),Secret Identity,Good Characters,Brown Eyes,Black Hair,Female Characters,,Living Characters,42,Sep-98,1998
899,12235,Elsa Bloodstone (Earth-616),\/Elsa_Bloodstone_(Earth-616),Public Identity,Good Characters,Blue Eyes,Blond Hair,Female Characters,,Living Characters,42,Dec-01,2001
902,11798,Phineas Horton (Earth-616),\/Phineas_Horton_(Earth-616),No Dual Identity,Good Characters,Blue Eyes,Brown Hair,Male Characters,,Deceased Characters,41,Oct-39,1939
903,547402,Marie Lathrop (Earth-616),\/Marie_Lathrop_(Earth-616),Public Identity,Good Characters,,Blond Hair,Female Characters,,Living Characters,41,Dec-48,1948
907,35497,Noah Burstein (Earth-616),\/Noah_Burstein_(Earth-616),No Dual Identity,Good Characters,,,Male Characters,,Living Characters,41,Jun-72,1972
908,36987,Lin Sun (Earth-616),\/Lin_Sun_(Earth-616),Public Identity,Good Characters,,Black Hair,Male Characters,,Living Characters,41,Apr-74,1974
910,2331,Ransak (Earth-616),\/Ransak_(Earth-616),Secret Identity,Good Characters,,Black Hair,Male Characters,,Living Characters,41,Feb-77,1977
912,116397,Iann-23 (Earth-616),\/Iann-23_(Earth-616),Public Identity,Good Characters,Blue Eyes,No Hair,Male Characters,,Living Characters,41,Jan-82,1982
917,62400,Century (Alien) (Earth-616),\/Century_(Alien)_(Earth-616),Secret Identity,Good Characters,White Eyes,White Hair,Male Characters,,Living Characters,41,Jul-94,1994
918,1321,Charles Burlingame (Earth-616),\/Charles_Burlingame_(Earth-616),Secret Identity,Good Characters,Brown Eyes,Black Hair,Male Characters,,Deceased Characters,41,Oct-98,1998
920,35896,Juston Seyfert (Earth-616),\/Juston_Seyfert_(Earth-616),No Dual Identity,Good Characters,Green Eyes,Brown Hair,Male Characters,,Deceased Characters,41,Jun-03,2003
923,259919,Geoffrey Vandergill (Earth-616),\/Geoffrey_Vandergill_(Earth-616),Secret Identity,Good Characters,,Blond Hair,Male Characters,,Deceased Characters,40,Jun-41,1941
924,259923,Washington Jones (Earth-616),\/Washington_Jones_(Earth-616),Secret Identity,Good Characters,,White Hair,Male Characters,,Deceased Characters,40,Jun-41,1941
925,2644,Phoebus Apollo (Earth-616),\/Phoebus_Apollo_(Earth-616),,Good Characters,Blue Eyes,Blond Hair,Male Characters,,Living Characters,40,Aug-48,1948
935,242238,Munin (Earth-616),\/Munin_(Earth-616),,Good Characters,Black Eyes,,Male Characters,,Living Characters,40,Aug-78,1978
941,70357,Julius Mullarkey (Earth-616),\/Julius_Mullarkey_(Earth-616),Secret Identity,Good Characters,Red Eyes,Red Hair,Male Characters,,Deceased Characters,40,Jun-92,1992
944,16007,Shevaun Haldane (Earth-616),\/Shevaun_Haldane_(Earth-616),Secret Identity,Good Characters,Green Eyes,Auburn Hair,Female Characters,,Living Characters,40,Jul-92,1992
945,2565,Steven Harmon (Earth-616),\/Steven_Harmon_(Earth-616),Public Identity,Good Characters,Blue Eyes,Purple Hair,Male Characters,,Living Characters,40,Nov-92,1992
947,63579,James Santini (Earth-616),\/James_Santini_(Earth-616),Public Identity,Good Characters,Green Eyes,Brown Hair,Male Characters,,Living Characters,40,Oct-95,1995
950,1407,Dead Girl (Moonbeam) (Earth-616),\/Dead_Girl_(Moonbeam)_(Earth-616),Secret Identity,Good Characters,Red Eyes,Black Hair,Female Characters,,Deceased Characters,40,Apr-02,2002
951,52832,Abigail Boylen (Earth-616),\/Abigail_Boylen_(Earth-616),Known to Authorities Identity,Good Characters,Blue Eyes,Blond Hair,Female Characters,,Living Characters,40,May-07,2007
953,571723,Benjamin Deeds (Earth-616),\/Benjamin_Deeds_(Earth-616),No Dual Identity,Good Characters,Brown Eyes,Brown Hair,Male Characters,Homosexual Characters,Living Characters,40,Feb-13,2013
954,19216,Richard Parker (Earth-616),\/Richard_Parker_(Earth-616),No Dual Identity,Good Characters,Brown Eyes,Brown Hair,Male Characters,,Deceased Characters,39,Nov-68,1968
955,39504,Steel Serpent (Davos) (Earth-616),\/Steel_Serpent_(Davos)_(Earth-616),Public Identity,Good Characters,Brown Eyes,Black Hair,Male Characters,,Living Characters,39,Nov-75,1975
958,43774,Kaina (Earth-616),\/Kaina_(Earth-616),Secret Identity,Good Characters,White Eyes,Brown Hair,Female Characters,,Living Characters,39,Jul-79,1979
960,15664,Amiko Kobayashi (Earth-616),\/Amiko_Kobayashi_(Earth-616),No Dual Identity,Good Characters,Brown Eyes,Black Hair,Female Characters,,Living Characters,39,May-84,1984
971,86607,Cosmo (Dog) (Earth-616),\/Cosmo_(Dog)_(Earth-616),No Dual Identity,Good Characters,Brown Eyes,Brown Hair,Male Characters,,Living Characters,39,Jan-08,2008
972,581852,Fabio Medina (Earth-616),\/Fabio_Medina_(Earth-616),Public Identity,Good Characters,Black Eyes,Brown Hair,Male Characters,,Living Characters,39,Apr-13,2013
973,594986,Henry Casey (Earth-616),\/Henry_Casey_(Earth-616),Public Identity,Good Characters,,Red Hair,Male Characters,,Living Characters,38,Nov-52,1952
974,9407,Harrington Byrd (Earth-616),\/Harrington_Byrd_(Earth-616),Public Identity,Good Characters,Blue Eyes,Red Hair,Male Characters,,Living Characters,38,Oct-63,1963
975,8909,Marianne Rodgers (Earth-616),\/Marianne_Rodgers_(Earth-616),Public Identity,Good Characters,Blue Eyes,Blond Hair,Female Characters,,Living Characters,38,Apr-63,1963
977,106245,Diane Arliss (Earth-616),\/Diane_Arliss_(Earth-616),,Good Characters,,Black Hair,Female Characters,,Living Characters,38,Sep-68,1968
981,1882,Jarella (Earth-616),\/Jarella_(Earth-616),No Dual Identity,Good Characters,Green Eyes,Blond Hair,Female Characters,,Deceased Characters,38,Jun-71,1971
987,1912,Karkas (Earth-616),\/Karkas_(Earth-616),Secret Identity,Good Characters,Black Eyes,No Hair,Male Characters,,Living Characters,38,Feb-77,1977
991,243318,Niels (Earth-616),\/Niels_(Earth-616),Secret Identity,Good Characters,Yellow Eyes,Orange Hair,Male Characters,,Living Characters,38,Sep-88,1988
993,16451,Anne Ghazikhanian (Earth-616),\/Anne_Ghazikhanian_(Earth-616),Public Identity,Good Characters,Blue Eyes,Black Hair,Female Characters,,Living Characters,38,Oct-02,2002
994,391962,Ernst (Earth-616),\/Ernst_(Earth-616),Secret Identity,Good Characters,,Grey Hair,Female Characters,,Living Characters,38,Feb-03,2003
1000,594989,Penny Pennington (Earth-616),\/Penny_Pennington_(Earth-616),Public Identity,Good Characters,,Black Hair,Male Characters,,Living Characters,37,Nov-52,1952
